source_entity_id,target_entity_id,relationship_type,status,target_resolved,date,generated_at
component:default/survivor,repository:github.com/streaming-infra/Survivor,sourceRepository,declared,true,2026-10-01,2026-10-01T08:00:00Z
component:default/survivor,gcp-project:paramount-plus,associatedProject,declared,true,2026-10-01,2026-10-01T08:00:00Z
workflow:survivor/jeff_probst,component:default/survivor,partOf,declared,true,2026-10-01,2026-10-01T08:00:00Z
workflow:survivor/rob_mariano,component:default/survivor,partOf,declared,true,2026-10-01,2026-10-01T08:00:00Z
workflow:survivor/ozzy_lusth,component:default/survivor,partOf,declared,true,2026-10-01,2026-10-01T08:00:00Z
workflow:survivor/cirie_fields,component:default/survivor,partOf,declared,true,2026-10-01,2026-10-01T08:00:00Z
workflow:survivor/parvati_shallow,component:default/survivor,partOf,declared,true,2026-10-01,2026-10-01T08:00:00Z
workflow:survivor/coach_wade,component:default/survivor,partOf,declared,true,2026-10-01,2026-10-01T08:00:00Z
workflow:survivor/sandra_diaz_twine,component:default/survivor,partOf,declared,true,2026-10-01,2026-10-01T08:00:00Z
workflow:survivor/aubry_bracco,component:default/survivor,partOf,declared,true,2026-10-01,2026-10-01T08:00:00Z
workflow:survivor/tyson_apostol,component:default/survivor,partOf,declared,true,2026-10-01,2026-10-01T08:00:00Z
workflow:survivor/rupert_boneham,component:default/survivor,partOf,declared,true,2026-10-01,2026-10-01T08:00:00Z
workflow:survivor/amber_mariano,component:default/survivor,partOf,declared,true,2026-10-01,2026-10-01T08:00:00Z
workflow:survivor/colby_donaldson,component:default/survivor,partOf,declared,true,2026-10-01,2026-10-01T08:00:00Z
workflow:survivor/stephenie_lagrossa_kendrick,component:default/survivor,partOf,declared,true,2026-10-01,2026-10-01T08:00:00Z
workflow:survivor/amanda_kimmel,component:default/survivor,partOf,declared,true,2026-10-01,2026-10-01T08:00:00Z
workflow:survivor/jeremy_collins,component:default/survivor,partOf,declared,true,2026-10-01,2026-10-01T08:00:00Z
workflow:survivor/jerri_manthey,component:default/survivor,partOf,declared,true,2026-10-01,2026-10-01T08:00:00Z
workflow:survivor/joe_anglim,component:default/survivor,partOf,declared,true,2026-10-01,2026-10-01T08:00:00Z
workflow:survivor/andrea_boehlke,component:default/survivor,partOf,declared,true,2026-10-01,2026-10-01T08:00:00Z
workflow:survivor/ethan_zohn,component:default/survivor,partOf,declared,true,2026-10-01,2026-10-01T08:00:00Z
workflow:survivor/sarah_lacina,component:default/survivor,partOf,declared,true,2026-10-01,2026-10-01T08:00:00Z
workflow:survivor/jonathan_penner,component:default/survivor,partOf,declared,true,2026-10-01,2026-10-01T08:00:00Z
workflow:survivor/candice_woodcock,component:default/survivor,partOf,declared,true,2026-10-01,2026-10-01T08:00:00Z
workflow:survivor/james_clement,component:default/survivor,partOf,declared,true,2026-10-01,2026-10-01T08:00:00Z
workflow:survivor/tina_wesson,component:default/survivor,partOf,declared,true,2026-10-01,2026-10-01T08:00:00Z
workflow:survivor/russell_hantz,component:default/survivor,partOf,declared,true,2026-10-01,2026-10-01T08:00:00Z
workflow:survivor/kelley_wentworth,component:default/survivor,partOf,declared,true,2026-10-01,2026-10-01T08:00:00Z
workflow:survivor/alicia_calaway,component:default/survivor,partOf,declared,true,2026-10-01,2026-10-01T08:00:00Z
workflow:survivor/jt_thomas,component:default/survivor,partOf,declared,true,2026-10-01,2026-10-01T08:00:00Z
workflow:survivor/jenna_lewis_dougherty,component:default/survivor,partOf,declared,true,2026-10-01,2026-10-01T08:00:00Z
workflow:survivor/lex_van_den_berghe,component:default/survivor,partOf,declared,true,2026-10-01,2026-10-01T08:00:00Z
workflow:survivor/tom_buchanan,component:default/survivor,partOf,declared,true,2026-10-01,2026-10-01T08:00:00Z
workflow:survivor/malcolm_freberg,component:default/survivor,partOf,declared,true,2026-10-01,2026-10-01T08:00:00Z
workflow:survivor/kathy_vavrick_obrien,component:default/survivor,partOf,declared,true,2026-10-01,2026-10-01T08:00:00Z
workflow:survivor/ciera_eastin,component:default/survivor,partOf,declared,true,2026-10-01,2026-10-01T08:00:00Z
workflow:survivor/john_cochran,component:default/survivor,partOf,declared,true,2026-10-01,2026-10-01T08:00:00Z
workflow:survivor/danielle_dilorenzo,component:default/survivor,partOf,declared,true,2026-10-01,2026-10-01T08:00:00Z
workflow:survivor/stephen_fishbach,component:default/survivor,partOf,declared,true,2026-10-01,2026-10-01T08:00:00Z
workflow:survivor/abi_maria_gomes,component:default/survivor,partOf,declared,true,2026-10-01,2026-10-01T08:00:00Z
workflow:survivor/keith_nale,component:default/survivor,partOf,declared,true,2026-10-01,2026-10-01T08:00:00Z
workflow:survivor/aras_baskauskas,component:default/survivor,partOf,declared,true,2026-10-01,2026-10-01T08:00:00Z
workflow:survivor/laura_morett,component:default/survivor,partOf,declared,true,2026-10-01,2026-10-01T08:00:00Z
workflow:survivor/brenda_lowe,component:default/survivor,partOf,declared,true,2026-10-01,2026-10-01T08:00:00Z
workflow:survivor/dawn_meehan,component:default/survivor,partOf,declared,true,2026-10-01,2026-10-01T08:00:00Z
workflow:survivor/yul_kwon,component:default/survivor,partOf,declared,true,2026-10-01,2026-10-01T08:00:00Z
workflow:survivor/courtney_yates,component:default/survivor,partOf,declared,true,2026-10-01,2026-10-01T08:00:00Z
workflow:survivor/sophie_clarke,component:default/survivor,partOf,declared,true,2026-10-01,2026-10-01T08:00:00Z
workflow:survivor/tony_vlachos,component:default/survivor,partOf,declared,true,2026-10-01,2026-10-01T08:00:00Z
workflow:survivor/kelly_wiglesworth,component:default/survivor,partOf,declared,true,2026-10-01,2026-10-01T08:00:00Z
workflow:survivor/kassandra_mcquillen,component:default/survivor,partOf,declared,true,2026-10-01,2026-10-01T08:00:00Z
workflow:survivor/spencer_bledsoe,component:default/survivor,partOf,declared,true,2026-10-01,2026-10-01T08:00:00Z
workflow:survivor/tasha_fox,component:default/survivor,partOf,declared,true,2026-10-01,2026-10-01T08:00:00Z
workflow:survivor/eliza_orlins,component:default/survivor,partOf,declared,true,2026-10-01,2026-10-01T08:00:00Z
workflow:survivor/erik_reichenbach,component:default/survivor,partOf,declared,true,2026-10-01,2026-10-01T08:00:00Z
workflow:survivor/phillip_sheppard,component:default/survivor,partOf,declared,true,2026-10-01,2026-10-01T08:00:00Z
workflow:survivor/danni_boatwright,component:default/survivor,partOf,declared,true,2026-10-01,2026-10-01T08:00:00Z
workflow:survivor/gervase_peterson,component:default/survivor,partOf,declared,true,2026-10-01,2026-10-01T08:00:00Z
workflow:survivor/natalie_anderson,component:default/survivor,partOf,declared,true,2026-10-01,2026-10-01T08:00:00Z
workflow:survivor/wendell_holland,component:default/survivor,partOf,declared,true,2026-10-01,2026-10-01T08:00:00Z
workflow:survivor/kim_spradlin,component:default/survivor,partOf,declared,true,2026-10-01,2026-10-01T08:00:00Z
workflow:survivor/denise_stapley,component:default/survivor,partOf,declared,true,2026-10-01,2026-10-01T08:00:00Z
workflow:survivor/ben_driebergen,component:default/survivor,partOf,declared,true,2026-10-01,2026-10-01T08:00:00Z
workflow:survivor/troyzan_robertson,component:default/survivor,partOf,declared,true,2026-10-01,2026-10-01T08:00:00Z
workflow:survivor/michele_fitzgerald,component:default/survivor,partOf,declared,true,2026-10-01,2026-10-01T08:00:00Z
workflow:survivor/hali_ford,component:default/survivor,partOf,declared,true,2026-10-01,2026-10-01T08:00:00Z
workflow:survivor/debbie_wanner,component:default/survivor,partOf,declared,true,2026-10-01,2026-10-01T08:00:00Z
workflow:survivor/sierra_dawn_thomas,component:default/survivor,partOf,declared,true,2026-10-01,2026-10-01T08:00:00Z
workflow:survivor/tai_trang,component:default/survivor,partOf,declared,true,2026-10-01,2026-10-01T08:00:00Z
workflow:survivor/adam_klein,component:default/survivor,partOf,declared,true,2026-10-01,2026-10-01T08:00:00Z
workflow:survivor/nick_wilson,component:default/survivor,partOf,declared,true,2026-10-01,2026-10-01T08:00:00Z
workflow:survivor/david_wright,component:default/survivor,partOf,declared,true,2026-10-01,2026-10-01T08:00:00Z
workflow:survivor/chrissy_hofbeck,component:default/survivor,partOf,declared,true,2026-10-01,2026-10-01T08:00:00Z
workflow:survivor/zeke_smith,component:default/survivor,partOf,declared,true,2026-10-01,2026-10-01T08:00:00Z
workflow:survivor/christian_hubicki,component:default/survivor,partOf,declared,true,2026-10-01,2026-10-01T08:00:00Z
workflow:survivor/shii_ann_huang,component:default/survivor,partOf,declared,true,2026-10-01,2026-10-01T08:00:00Z
workflow:survivor/rick_devens,component:default/survivor,partOf,declared,true,2026-10-01,2026-10-01T08:00:00Z
workflow:survivor/emily_flippen,component:default/survivor,partOf,declared,true,2026-10-01,2026-10-01T08:00:00Z
workflow:survivor/joe_hunter,component:default/survivor,partOf,declared,true,2026-10-01,2026-10-01T08:00:00Z
workflow:survivor/tiffany_nicole_ervin,component:default/survivor,partOf,declared,true,2026-10-01,2026-10-01T08:00:00Z
workflow:survivor/rizo_velovic,component:default/survivor,partOf,declared,true,2026-10-01,2026-10-01T08:00:00Z
workflow:survivor/dee_valladares,component:default/survivor,partOf,declared,true,2026-10-01,2026-10-01T08:00:00Z
workflow:survivor/jonathan_young,component:default/survivor,partOf,declared,true,2026-10-01,2026-10-01T08:00:00Z
workflow:survivor/andrew_savage,component:default/survivor,partOf,declared,true,2026-10-01,2026-10-01T08:00:00Z
workflow:survivor/michael_skupin,component:default/survivor,partOf,declared,true,2026-10-01,2026-10-01T08:00:00Z
workflow:survivor/kimmi_kappenberg,component:default/survivor,partOf,declared,true,2026-10-01,2026-10-01T08:00:00Z
workflow:survivor/terry_deitz,component:default/survivor,partOf,declared,true,2026-10-01,2026-10-01T08:00:00Z
workflow:survivor/bobby_jon_drinkard,component:default/survivor,partOf,declared,true,2026-10-01,2026-10-01T08:00:00Z
workflow:survivor/ami_cusack,component:default/survivor,partOf,declared,true,2026-10-01,2026-10-01T08:00:00Z
workflow:survivor/susan_hawk,component:default/survivor,partOf,declared,true,2026-10-01,2026-10-01T08:00:00Z
workflow:survivor/jeff_varner,component:default/survivor,partOf,declared,true,2026-10-01,2026-10-01T08:00:00Z
workflow:survivor/monica_padilla,component:default/survivor,partOf,declared,true,2026-10-01,2026-10-01T08:00:00Z
workflow:survivor/kat_edorsson,component:default/survivor,partOf,declared,true,2026-10-01,2026-10-01T08:00:00Z
workflow:survivor/richard_hatch,component:default/survivor,partOf,declared,true,2026-10-01,2026-10-01T08:00:00Z
workflow:survivor/rob_cesternino,component:default/survivor,partOf,declared,true,2026-10-01,2026-10-01T08:00:00Z
workflow:survivor/woo_hwang,component:default/survivor,partOf,declared,true,2026-10-01,2026-10-01T08:00:00Z
workflow:survivor/corinne_kaplan,component:default/survivor,partOf,declared,true,2026-10-01,2026-10-01T08:00:00Z
workflow:survivor/michaela_bradshaw,component:default/survivor,partOf,declared,true,2026-10-01,2026-10-01T08:00:00Z
workflow:survivor/jenna_morasca,component:default/survivor,partOf,declared,true,2026-10-01,2026-10-01T08:00:00Z
workflow:survivor/tom_westman,component:default/survivor,partOf,declared,true,2026-10-01,2026-10-01T08:00:00Z
workflow:survivor/genevieve_mushaluk,component:default/survivor,partOf,declared,true,2026-10-01,2026-10-01T08:00:00Z
workflow:survivor/brad_culpepper,component:default/survivor,partOf,declared,true,2026-10-01,2026-10-01T08:00:00Z
component:default/big-brother,repository:github.com/streaming-infra/BigBrother,sourceRepository,declared,true,2026-10-01,2026-10-01T08:00:00Z
component:default/big-brother,gcp-project:paramount-plus,associatedProject,declared,true,2026-10-01,2026-10-01T08:00:00Z
workflow:big-brother/julie_chen,component:default/big-brother,partOf,declared,true,2026-10-01,2026-10-01T08:00:00Z
workflow:big-brother/clayton_halsey,component:default/big-brother,partOf,declared,true,2026-10-01,2026-10-01T08:00:00Z
workflow:big-brother/phil_proctor,component:default/big-brother,partOf,declared,true,2026-10-01,2026-10-01T08:00:00Z
workflow:big-brother/nicole_franzel,component:default/big-brother,partOf,declared,true,2026-10-01,2026-10-01T08:00:00Z
workflow:big-brother/daniele_briones,component:default/big-brother,partOf,declared,true,2026-10-01,2026-10-01T08:00:00Z
workflow:big-brother/rachel_reilly,component:default/big-brother,partOf,declared,true,2026-10-01,2026-10-01T08:00:00Z
workflow:big-brother/george_boswell,component:default/big-brother,partOf,declared,true,2026-10-01,2026-10-01T08:00:00Z
workflow:big-brother/paul_abrahamian,component:default/big-brother,partOf,declared,true,2026-10-01,2026-10-01T08:00:00Z
workflow:big-brother/cody_calafiore,component:default/big-brother,partOf,declared,true,2026-10-01,2026-10-01T08:00:00Z
workflow:big-brother/james_huling,component:default/big-brother,partOf,declared,true,2026-10-01,2026-10-01T08:00:00Z
workflow:big-brother/tyler_crispen,component:default/big-brother,partOf,declared,true,2026-10-01,2026-10-01T08:00:00Z
workflow:big-brother/christmas_abbott,component:default/big-brother,partOf,declared,true,2026-10-01,2026-10-01T08:00:00Z
workflow:big-brother/angela_murray,component:default/big-brother,partOf,declared,true,2026-10-01,2026-10-01T08:00:00Z
workflow:big-brother/will_kirby,component:default/big-brother,partOf,declared,true,2026-10-01,2026-10-01T08:00:00Z
workflow:big-brother/david_walsh,component:default/big-brother,partOf,declared,true,2026-10-01,2026-10-01T08:00:00Z
workflow:big-brother/curtis_kin,component:default/big-brother,partOf,declared,true,2026-10-01,2026-10-01T08:00:00Z
workflow:big-brother/josh_souza,component:default/big-brother,partOf,declared,true,2026-10-01,2026-10-01T08:00:00Z
workflow:big-brother/eddie_mcgee,component:default/big-brother,partOf,declared,true,2026-10-01,2026-10-01T08:00:00Z
workflow:big-brother/jamie_kern_lima,component:default/big-brother,partOf,declared,true,2026-10-01,2026-10-01T08:00:00Z
workflow:big-brother/enzo_palumbo,component:default/big-brother,partOf,declared,true,2026-10-01,2026-10-01T08:00:00Z
workflow:big-brother/mike_boogie_malin,component:default/big-brother,partOf,declared,true,2026-10-01,2026-10-01T08:00:00Z
workflow:big-brother/davonne_rogers,component:default/big-brother,partOf,declared,true,2026-10-01,2026-10-01T08:00:00Z
workflow:big-brother/memphis_garrett,component:default/big-brother,partOf,declared,true,2026-10-01,2026-10-01T08:00:00Z
workflow:big-brother/jordan_lloyd,component:default/big-brother,partOf,declared,true,2026-10-01,2026-10-01T08:00:00Z
workflow:big-brother/dan_gheesling,component:default/big-brother,partOf,declared,true,2026-10-01,2026-10-01T08:00:00Z
workflow:big-brother/danielle_reyes,component:default/big-brother,partOf,declared,true,2026-10-01,2026-10-01T08:00:00Z
workflow:big-brother/derrick_levasseur,component:default/big-brother,partOf,declared,true,2026-10-01,2026-10-01T08:00:00Z
workflow:big-brother/kevin_campbell,component:default/big-brother,partOf,declared,true,2026-10-01,2026-10-01T08:00:00Z
workflow:big-brother/jeff_schroeder,component:default/big-brother,partOf,declared,true,2026-10-01,2026-10-01T08:00:00Z
workflow:big-brother/cassandra_waldon,component:default/big-brother,partOf,declared,true,2026-10-01,2026-10-01T08:00:00Z
workflow:big-brother/britney_haynes,component:default/big-brother,partOf,declared,true,2026-10-01,2026-10-01T08:00:00Z
workflow:big-brother/janelle_pierzina,component:default/big-brother,partOf,declared,true,2026-10-01,2026-10-01T08:00:00Z
workflow:big-brother/ian_terry,component:default/big-brother,partOf,declared,true,2026-10-01,2026-10-01T08:00:00Z
workflow:big-brother/kaysar_ridha,component:default/big-brother,partOf,declared,true,2026-10-01,2026-10-01T08:00:00Z
workflow:big-brother/marcellas_reynolds,component:default/big-brother,partOf,declared,true,2026-10-01,2026-10-01T08:00:00Z
workflow:big-brother/taylor_hale,component:default/big-brother,partOf,declared,true,2026-10-01,2026-10-01T08:00:00Z
workflow:big-brother/howie_gordon,component:default/big-brother,partOf,declared,true,2026-10-01,2026-10-01T08:00:00Z
workflow:big-brother/brendon_villegas,component:default/big-brother,partOf,declared,true,2026-10-01,2026-10-01T08:00:00Z
workflow:big-brother/nicole_anthony,component:default/big-brother,partOf,declared,true,2026-10-01,2026-10-01T08:00:00Z
workflow:big-brother/chelsie_baham,component:default/big-brother,partOf,declared,true,2026-10-01,2026-10-01T08:00:00Z
workflow:big-brother/james_rhine,component:default/big-brother,partOf,declared,true,2026-10-01,2026-10-01T08:00:00Z
workflow:big-brother/frank_eudy,component:default/big-brother,partOf,declared,true,2026-10-01,2026-10-01T08:00:00Z
workflow:big-brother/brittany_petros,component:default/big-brother,partOf,declared,true,2026-10-01,2026-10-01T08:00:00Z
workflow:big-brother/jag_bains,component:default/big-brother,partOf,declared,true,2026-10-01,2026-10-01T08:00:00Z
workflow:big-brother/diane_henry,component:default/big-brother,partOf,declared,true,2026-10-01,2026-10-01T08:00:00Z
workflow:big-brother/felicia_cannon,component:default/big-brother,partOf,declared,true,2026-10-01,2026-10-01T08:00:00Z
workflow:big-brother/josh_martnez,component:default/big-brother,partOf,declared,true,2026-10-01,2026-10-01T08:00:00Z
workflow:big-brother/kaycee_clark,component:default/big-brother,partOf,declared,true,2026-10-01,2026-10-01T08:00:00Z
workflow:big-brother/frankie_grande,component:default/big-brother,partOf,declared,true,2026-10-01,2026-10-01T08:00:00Z
workflow:big-brother/jessie_godderz,component:default/big-brother,partOf,declared,true,2026-10-01,2026-10-01T08:00:00Z
workflow:big-brother/keanu_soto,component:default/big-brother,partOf,declared,true,2026-10-01,2026-10-01T08:00:00Z
workflow:big-brother/bowie_jane_ball,component:default/big-brother,partOf,declared,true,2026-10-01,2026-10-01T08:00:00Z
workflow:big-brother/matt_klotz,component:default/big-brother,partOf,declared,true,2026-10-01,2026-10-01T08:00:00Z
workflow:big-brother/corey_brooks,component:default/big-brother,partOf,declared,true,2026-10-01,2026-10-01T08:00:00Z
workflow:big-brother/bayleigh_dayton,component:default/big-brother,partOf,declared,true,2026-10-01,2026-10-01T08:00:00Z
workflow:big-brother/vince_panaro,component:default/big-brother,partOf,declared,true,2026-10-01,2026-10-01T08:00:00Z
workflow:big-brother/dick_donato,component:default/big-brother,partOf,declared,true,2026-10-01,2026-10-01T08:00:00Z
workflow:big-brother/jc_mounduix,component:default/big-brother,partOf,declared,true,2026-10-01,2026-10-01T08:00:00Z
workflow:big-brother/morgan_pope,component:default/big-brother,partOf,declared,true,2026-10-01,2026-10-01T08:00:00Z
workflow:big-brother/drew_campbell,component:default/big-brother,partOf,declared,true,2026-10-01,2026-10-01T08:00:00Z
workflow:big-brother/taylor_brown,component:default/big-brother,partOf,declared,true,2026-10-01,2026-10-01T08:00:00Z
workflow:big-brother/david_alexander,component:default/big-brother,partOf,declared,true,2026-10-01,2026-10-01T08:00:00Z
workflow:big-brother/victoria_rafaeli_atash,component:default/big-brother,partOf,declared,true,2026-10-01,2026-10-01T08:00:00Z
workflow:big-brother/natalie_negrotti,component:default/big-brother,partOf,declared,true,2026-10-01,2026-10-01T08:00:00Z
workflow:big-brother/vanessa_rousso,component:default/big-brother,partOf,declared,true,2026-10-01,2026-10-01T08:00:00Z
workflow:big-brother/caleb_reynolds,component:default/big-brother,partOf,declared,true,2026-10-01,2026-10-01T08:00:00Z
workflow:big-brother/austin_matelson,component:default/big-brother,partOf,declared,true,2026-10-01,2026-10-01T08:00:00Z
workflow:big-brother/holly_allen,component:default/big-brother,partOf,declared,true,2026-10-01,2026-10-01T08:00:00Z
workflow:big-brother/jackson_michie,component:default/big-brother,partOf,declared,true,2026-10-01,2026-10-01T08:00:00Z
workflow:big-brother/cliff_hogg_iii,component:default/big-brother,partOf,declared,true,2026-10-01,2026-10-01T08:00:00Z
workflow:big-brother/ashley_hollis,component:default/big-brother,partOf,declared,true,2026-10-01,2026-10-01T08:00:00Z
workflow:big-brother/melody_morris,component:default/big-brother,partOf,declared,true,2026-10-01,2026-10-01T08:00:00Z
workflow:big-brother/america_lopez,component:default/big-brother,partOf,declared,true,2026-10-01,2026-10-01T08:00:00Z
workflow:big-brother/blue_kim,component:default/big-brother,partOf,declared,true,2026-10-01,2026-10-01T08:00:00Z
workflow:big-brother/steve_moses,component:default/big-brother,partOf,declared,true,2026-10-01,2026-10-01T08:00:00Z
workflow:big-brother/liz_nolan,component:default/big-brother,partOf,declared,true,2026-10-01,2026-10-01T08:00:00Z
workflow:big-brother/victor_arroyo,component:default/big-brother,partOf,declared,true,2026-10-01,2026-10-01T08:00:00Z
workflow:big-brother/kevin_schlehuber,component:default/big-brother,partOf,declared,true,2026-10-01,2026-10-01T08:00:00Z
workflow:big-brother/angela_rummans,component:default/big-brother,partOf,declared,true,2026-10-01,2026-10-01T08:00:00Z
workflow:big-brother/cam_sullivan_brown,component:default/big-brother,partOf,declared,true,2026-10-01,2026-10-01T08:00:00Z
workflow:big-brother/makensy_manbeck,component:default/big-brother,partOf,declared,true,2026-10-01,2026-10-01T08:00:00Z
workflow:big-brother/rubina_bernabe,component:default/big-brother,partOf,declared,true,2026-10-01,2026-10-01T08:00:00Z
workflow:big-brother/ava_pearl,component:default/big-brother,partOf,declared,true,2026-10-01,2026-10-01T08:00:00Z
workflow:big-brother/alison_irwin,component:default/big-brother,partOf,declared,true,2026-10-01,2026-10-01T08:00:00Z
workflow:big-brother/michelle_meyer,component:default/big-brother,partOf,declared,true,2026-10-01,2026-10-01T08:00:00Z
workflow:big-brother/xavier_prather,component:default/big-brother,partOf,declared,true,2026-10-01,2026-10-01T08:00:00Z
workflow:big-brother/derek_frazier,component:default/big-brother,partOf,declared,true,2026-10-01,2026-10-01T08:00:00Z
workflow:big-brother/azah_awasum,component:default/big-brother,partOf,declared,true,2026-10-01,2026-10-01T08:00:00Z
workflow:big-brother/johnny_mac_mcguire,component:default/big-brother,partOf,declared,true,2026-10-01,2026-10-01T08:00:00Z
workflow:big-brother/julia_nolan,component:default/big-brother,partOf,declared,true,2026-10-01,2026-10-01T08:00:00Z
workflow:big-brother/alex_ow,component:default/big-brother,partOf,declared,true,2026-10-01,2026-10-01T08:00:00Z
workflow:big-brother/sam_bledsoe,component:default/big-brother,partOf,declared,true,2026-10-01,2026-10-01T08:00:00Z
workflow:big-brother/kimo_apaka,component:default/big-brother,partOf,declared,true,2026-10-01,2026-10-01T08:00:00Z
workflow:big-brother/barrett_pfeiffer,component:default/big-brother,partOf,declared,true,2026-10-01,2026-10-01T08:00:00Z
workflow:big-brother/yash_patel,component:default/big-brother,partOf,declared,true,2026-10-01,2026-10-01T08:00:00Z
workflow:big-brother/nakomis_dedmon,component:default/big-brother,partOf,declared,true,2026-10-01,2026-10-01T08:00:00Z
workflow:big-brother/kyland_young,component:default/big-brother,partOf,declared,true,2026-10-01,2026-10-01T08:00:00Z
workflow:big-brother/leah_peters,component:default/big-brother,partOf,declared,true,2026-10-01,2026-10-01T08:00:00Z
workflow:big-brother/cory_wurtenberger,component:default/big-brother,partOf,declared,true,2026-10-01,2026-10-01T08:00:00Z
workflow:big-brother/spencer_clawson,component:default/big-brother,partOf,declared,true,2026-10-01,2026-10-01T08:00:00Z
component:default/the-amazing-race,repository:github.com/streaming-infra/TheAmazingRace,sourceRepository,declared,true,2026-10-01,2026-10-01T08:00:00Z
component:default/the-amazing-race,gcp-project:paramount-plus,associatedProject,declared,true,2026-10-01,2026-10-01T08:00:00Z
workflow:the-amazing-race/phil_keoghan,component:default/the-amazing-race,partOf,declared,true,2026-10-01,2026-10-01T08:00:00Z
workflow:the-amazing-race/cord_mccoy,component:default/the-amazing-race,partOf,declared,true,2026-10-01,2026-10-01T08:00:00Z
workflow:the-amazing-race/izzy_gleicher,component:default/the-amazing-race,partOf,declared,true,2026-10-01,2026-10-01T08:00:00Z
workflow:the-amazing-race/joseph_abdin,component:default/the-amazing-race,partOf,declared,true,2026-10-01,2026-10-01T08:00:00Z
workflow:the-amazing-race/meghan_camarena,component:default/the-amazing-race,partOf,declared,true,2026-10-01,2026-10-01T08:00:00Z
workflow:the-amazing-race/tucker_des_lauriers,component:default/the-amazing-race,partOf,declared,true,2026-10-01,2026-10-01T08:00:00Z
workflow:the-amazing-race/mel_white,component:default/the-amazing-race,partOf,declared,true,2026-10-01,2026-10-01T08:00:00Z
workflow:the-amazing-race/mike_white,component:default/the-amazing-race,partOf,declared,true,2026-10-01,2026-10-01T08:00:00Z
workflow:the-amazing-race/hannah_chaddha,component:default/the-amazing-race,partOf,declared,true,2026-10-01,2026-10-01T08:00:00Z
workflow:the-amazing-race/arnold_chun,component:default/the-amazing-race,partOf,declared,true,2026-10-01,2026-10-01T08:00:00Z
workflow:the-amazing-race/kathryn_dunn,component:default/the-amazing-race,partOf,declared,true,2026-10-01,2026-10-01T08:00:00Z
workflow:the-amazing-race/matt_turner,component:default/the-amazing-race,partOf,declared,true,2026-10-01,2026-10-01T08:00:00Z
workflow:the-amazing-race/lafur_darri_lafsson,component:default/the-amazing-race,partOf,declared,true,2026-10-01,2026-10-01T08:00:00Z
workflow:the-amazing-race/ted_otis,component:default/the-amazing-race,partOf,declared,true,2026-10-01,2026-10-01T08:00:00Z
workflow:the-amazing-race/donald_imm,component:default/the-amazing-race,partOf,declared,true,2026-10-01,2026-10-01T08:00:00Z
workflow:the-amazing-race/kevin_r_hershberger,component:default/the-amazing-race,partOf,declared,true,2026-10-01,2026-10-01T08:00:00Z
workflow:the-amazing-race/wayne_newton,component:default/the-amazing-race,partOf,declared,true,2026-10-01,2026-10-01T08:00:00Z
workflow:the-amazing-race/taylor_wily,component:default/the-amazing-race,partOf,declared,true,2026-10-01,2026-10-01T08:00:00Z
workflow:the-amazing-race/gurmit_singh,component:default/the-amazing-race,partOf,declared,true,2026-10-01,2026-10-01T08:00:00Z
workflow:the-amazing-race/bob_eubanks,component:default/the-amazing-race,partOf,declared,true,2026-10-01,2026-10-01T08:00:00Z
workflow:the-amazing-race/allan_wu,component:default/the-amazing-race,partOf,declared,true,2026-10-01,2026-10-01T08:00:00Z
workflow:the-amazing-race/david_copperfield,component:default/the-amazing-race,partOf,declared,true,2026-10-01,2026-10-01T08:00:00Z
workflow:the-amazing-race/ali_krieger,component:default/the-amazing-race,partOf,declared,true,2026-10-01,2026-10-01T08:00:00Z
workflow:the-amazing-race/joanna_lohman,component:default/the-amazing-race,partOf,declared,true,2026-10-01,2026-10-01T08:00:00Z
workflow:the-amazing-race/ann_marie_tejcek,component:default/the-amazing-race,partOf,declared,true,2026-10-01,2026-10-01T08:00:00Z
workflow:the-amazing-race/riley_tejcek,component:default/the-amazing-race,partOf,declared,true,2026-10-01,2026-10-01T08:00:00Z
workflow:the-amazing-race/anuar_tager,component:default/the-amazing-race,partOf,declared,true,2026-10-01,2026-10-01T08:00:00Z
workflow:the-amazing-race/andrea_tager_ballesca,component:default/the-amazing-race,partOf,declared,true,2026-10-01,2026-10-01T08:00:00Z
workflow:the-amazing-race/cody_langois,component:default/the-amazing-race,partOf,declared,true,2026-10-01,2026-10-01T08:00:00Z
workflow:the-amazing-race/jaime_tribo,component:default/the-amazing-race,partOf,declared,true,2026-10-01,2026-10-01T08:00:00Z
workflow:the-amazing-race/conner_wilson,component:default/the-amazing-race,partOf,declared,true,2026-10-01,2026-10-01T08:00:00Z
workflow:the-amazing-race/garrett_mcguire,component:default/the-amazing-race,partOf,declared,true,2026-10-01,2026-10-01T08:00:00Z
workflow:the-amazing-race/dafina_dunmore,component:default/the-amazing-race,partOf,declared,true,2026-10-01,2026-10-01T08:00:00Z
workflow:the-amazing-race/saran_dunmore,component:default/the-amazing-race,partOf,declared,true,2026-10-01,2026-10-01T08:00:00Z
workflow:the-amazing-race/daisha_wilks,component:default/the-amazing-race,partOf,declared,true,2026-10-01,2026-10-01T08:00:00Z
workflow:the-amazing-race/dalton_hamby,component:default/the-amazing-race,partOf,declared,true,2026-10-01,2026-10-01T08:00:00Z
workflow:the-amazing-race/doug_matter,component:default/the-amazing-race,partOf,declared,true,2026-10-01,2026-10-01T08:00:00Z
workflow:the-amazing-race/dylan_matter,component:default/the-amazing-race,partOf,declared,true,2026-10-01,2026-10-01T08:00:00Z
workflow:the-amazing-race/erin_taylor,component:default/the-amazing-race,partOf,declared,true,2026-10-01,2026-10-01T08:00:00Z
workflow:the-amazing-race/javi_vintimilla,component:default/the-amazing-race,partOf,declared,true,2026-10-01,2026-10-01T08:00:00Z
workflow:the-amazing-race/jody_rebhun,component:default/the-amazing-race,partOf,declared,true,2026-10-01,2026-10-01T08:00:00Z
workflow:the-amazing-race/jenn_naso,component:default/the-amazing-race,partOf,declared,true,2026-10-01,2026-10-01T08:00:00Z
workflow:the-amazing-race/katie_schultz,component:default/the-amazing-race,partOf,declared,true,2026-10-01,2026-10-01T08:00:00Z
workflow:the-amazing-race/charlotte_schultz,component:default/the-amazing-race,partOf,declared,true,2026-10-01,2026-10-01T08:00:00Z
workflow:the-amazing-race/michelle_rozalski_patterson,component:default/the-amazing-race,partOf,declared,true,2026-10-01,2026-10-01T08:00:00Z
workflow:the-amazing-race/matthew_patterson,component:default/the-amazing-race,partOf,declared,true,2026-10-01,2026-10-01T08:00:00Z
workflow:the-amazing-race/zach_johnson,component:default/the-amazing-race,partOf,declared,true,2026-10-01,2026-10-01T08:00:00Z
workflow:the-amazing-race/nate_johnson,component:default/the-amazing-race,partOf,declared,true,2026-10-01,2026-10-01T08:00:00Z
component:default/tuner,repository:github.com/streaming-infra/Tuner,sourceRepository,declared,true,2026-10-01,2026-10-01T08:00:00Z
component:default/tuner,gcp-project:paramount-plus,associatedProject,declared,true,2026-10-01,2026-10-01T08:00:00Z
workflow:tuner/leo_woodall,component:default/tuner,partOf,declared,true,2026-10-01,2026-10-01T08:00:00Z
workflow:tuner/dustin_hoffman,component:default/tuner,partOf,declared,true,2026-10-01,2026-10-01T08:00:00Z
workflow:tuner/havana_rose_liu,component:default/tuner,partOf,declared,true,2026-10-01,2026-10-01T08:00:00Z
component:default/shutter-island,repository:github.com/streaming-infra/ShutterIsland,sourceRepository,declared,true,2026-10-01,2026-10-01T08:00:00Z
component:default/shutter-island,gcp-project:paramount-plus,associatedProject,declared,true,2026-10-01,2026-10-01T08:00:00Z
workflow:shutter-island/leonardo_dicaprio,component:default/shutter-island,partOf,declared,true,2026-10-01,2026-10-01T08:00:00Z
workflow:shutter-island/mark_ruffalo,component:default/shutter-island,partOf,declared,true,2026-10-01,2026-10-01T08:00:00Z
workflow:shutter-island/ben_kingsley,component:default/shutter-island,partOf,declared,true,2026-10-01,2026-10-01T08:00:00Z
workflow:shutter-island/max_von_sydow,component:default/shutter-island,partOf,declared,true,2026-10-01,2026-10-01T08:00:00Z
workflow:shutter-island/michelle_williams,component:default/shutter-island,partOf,declared,true,2026-10-01,2026-10-01T08:00:00Z
component:default/interstellar,repository:github.com/streaming-infra/Interstellar,sourceRepository,declared,true,2026-10-01,2026-10-01T08:00:00Z
component:default/interstellar,gcp-project:paramount-plus,associatedProject,declared,true,2026-10-01,2026-10-01T08:00:00Z
workflow:interstellar/lynda_obst,component:default/interstellar,partOf,declared,true,2026-10-01,2026-10-01T08:00:00Z
workflow:interstellar/christopher_nolan,component:default/interstellar,partOf,declared,true,2026-10-01,2026-10-01T08:00:00Z
workflow:interstellar/hoyte_van_hoytema,component:default/interstellar,partOf,declared,true,2026-10-01,2026-10-01T08:00:00Z
workflow:interstellar/hans_zimmer,component:default/interstellar,partOf,declared,true,2026-10-01,2026-10-01T08:00:00Z
workflow:interstellar/lee_smith,component:default/interstellar,partOf,declared,true,2026-10-01,2026-10-01T08:00:00Z
component:default/yellowjackets,repository:github.com/streaming-infra/Yellowjackets,sourceRepository,declared,true,2026-10-01,2026-10-01T08:00:00Z
component:default/yellowjackets,gcp-project:paramount-plus,associatedProject,declared,true,2026-10-01,2026-10-01T08:00:00Z
workflow:yellowjackets/shauna_sadecki,component:default/yellowjackets,partOf,declared,true,2026-10-01,2026-10-01T08:00:00Z
workflow:yellowjackets/taissa_turner,component:default/yellowjackets,partOf,declared,true,2026-10-01,2026-10-01T08:00:00Z
workflow:yellowjackets/teen_shauna_shipman,component:default/yellowjackets,partOf,declared,true,2026-10-01,2026-10-01T08:00:00Z
workflow:yellowjackets/teen_taissa_turner,component:default/yellowjackets,partOf,declared,true,2026-10-01,2026-10-01T08:00:00Z
workflow:yellowjackets/teen_natalie_scatorccio,component:default/yellowjackets,partOf,declared,true,2026-10-01,2026-10-01T08:00:00Z
component:default/the-great-british-baking-show,repository:github.com/streaming-infra/GreatBritishBakingShow,sourceRepository,declared,true,2026-10-01,2026-10-01T08:00:00Z
component:default/the-great-british-baking-show,gcp-project:netflix,associatedProject,declared,true,2026-10-01,2026-10-01T08:00:00Z
workflow:the-great-british-baking-show/paul_hollywood,component:default/the-great-british-baking-show,partOf,declared,true,2026-10-01,2026-10-01T08:00:00Z
workflow:the-great-british-baking-show/noel_fielding,component:default/the-great-british-baking-show,partOf,declared,true,2026-10-01,2026-10-01T08:00:00Z
workflow:the-great-british-baking-show/prue_leith,component:default/the-great-british-baking-show,partOf,declared,true,2026-10-01,2026-10-01T08:00:00Z
workflow:the-great-british-baking-show/alison_hammond,component:default/the-great-british-baking-show,partOf,declared,true,2026-10-01,2026-10-01T08:00:00Z
workflow:the-great-british-baking-show/matt_lucas,component:default/the-great-british-baking-show,partOf,declared,true,2026-10-01,2026-10-01T08:00:00Z
component:default/the-great-british-baking-show-juniors,repository:github.com/streaming-infra/GreatBritishBakingShow,sourceRepository,declared,true,2026-10-01,2026-10-01T08:00:00Z
component:default/the-great-british-baking-show-juniors,gcp-project:netflix,associatedProject,declared,true,2026-10-01,2026-10-01T08:00:00Z
workflow:the-great-british-baking-show-juniors/harry_hill,component:default/the-great-british-baking-show-juniors,partOf,declared,true,2026-10-01,2026-10-01T08:00:00Z
workflow:the-great-british-baking-show-juniors/liam_charles,component:default/the-great-british-baking-show-juniors,partOf,declared,true,2026-10-01,2026-10-01T08:00:00Z
workflow:the-great-british-baking-show-juniors/ravneet_gill,component:default/the-great-british-baking-show-juniors,partOf,declared,true,2026-10-01,2026-10-01T08:00:00Z
component:default/breaking-bad,repository:github.com/streaming-infra/BreakingBadUniverse,sourceRepository,declared,true,2026-10-01,2026-10-01T08:00:00Z
component:default/breaking-bad,gcp-project:netflix,associatedProject,declared,true,2026-10-01,2026-10-01T08:00:00Z
workflow:breaking-bad/bryan_cranston,component:default/breaking-bad,partOf,declared,true,2026-10-01,2026-10-01T08:00:00Z
workflow:breaking-bad/aaron_paul,component:default/breaking-bad,partOf,declared,true,2026-10-01,2026-10-01T08:00:00Z
workflow:breaking-bad/anna_gunn,component:default/breaking-bad,partOf,declared,true,2026-10-01,2026-10-01T08:00:00Z
workflow:breaking-bad/rj_mitte,component:default/breaking-bad,partOf,declared,true,2026-10-01,2026-10-01T08:00:00Z
workflow:breaking-bad/dean_norris,component:default/breaking-bad,partOf,declared,true,2026-10-01,2026-10-01T08:00:00Z
component:default/better-call-saul,repository:github.com/streaming-infra/BreakingBadUniverse,sourceRepository,declared,true,2026-10-01,2026-10-01T08:00:00Z
component:default/better-call-saul,gcp-project:netflix,associatedProject,declared,true,2026-10-01,2026-10-01T08:00:00Z
workflow:better-call-saul/jimmy_mcgill,component:default/better-call-saul,partOf,declared,true,2026-10-01,2026-10-01T08:00:00Z
workflow:better-call-saul/mike_ehrmantraut,component:default/better-call-saul,partOf,declared,true,2026-10-01,2026-10-01T08:00:00Z
workflow:better-call-saul/kim_wexler,component:default/better-call-saul,partOf,declared,true,2026-10-01,2026-10-01T08:00:00Z
workflow:better-call-saul/howard_hamlin,component:default/better-call-saul,partOf,declared,true,2026-10-01,2026-10-01T08:00:00Z
workflow:better-call-saul/nacho_varga,component:default/better-call-saul,partOf,declared,true,2026-10-01,2026-10-01T08:00:00Z
component:default/el-camino,repository:github.com/streaming-infra/BreakingBadUniverse,sourceRepository,declared,true,2026-10-01,2026-10-01T08:00:00Z
component:default/el-camino,gcp-project:netflix,associatedProject,declared,true,2026-10-01,2026-10-01T08:00:00Z
workflow:el-camino/vince_gilligan,component:default/el-camino,partOf,declared,true,2026-10-01,2026-10-01T08:00:00Z
workflow:el-camino/dave_porter,component:default/el-camino,partOf,declared,true,2026-10-01,2026-10-01T08:00:00Z
workflow:el-camino/marshall_adams,component:default/el-camino,partOf,declared,true,2026-10-01,2026-10-01T08:00:00Z
component:default/pop-culture-jeopardy,repository:github.com/streaming-infra/PopCultureJeopardy,sourceRepository,declared,true,2026-10-01,2026-10-01T08:00:00Z
component:default/pop-culture-jeopardy,gcp-project:netflix,associatedProject,declared,true,2026-10-01,2026-10-01T08:00:00Z
workflow:pop-culture-jeopardy/colin_jost,component:default/pop-culture-jeopardy,partOf,declared,true,2026-10-01,2026-10-01T08:00:00Z
workflow:pop-culture-jeopardy/alex_dyon,component:default/pop-culture-jeopardy,partOf,declared,true,2026-10-01,2026-10-01T08:00:00Z
workflow:pop-culture-jeopardy/sonny_dyon_jr,component:default/pop-culture-jeopardy,partOf,declared,true,2026-10-01,2026-10-01T08:00:00Z
component:default/train-dreams,repository:github.com/streaming-infra/TrainDreams,sourceRepository,declared,true,2026-10-01,2026-10-01T08:00:00Z
component:default/train-dreams,gcp-project:netflix,associatedProject,declared,true,2026-10-01,2026-10-01T08:00:00Z
workflow:train-dreams/joel_edgerton,component:default/train-dreams,partOf,declared,true,2026-10-01,2026-10-01T08:00:00Z
workflow:train-dreams/felicity_jones,component:default/train-dreams,partOf,declared,true,2026-10-01,2026-10-01T08:00:00Z
workflow:train-dreams/nathaniel_arcand,component:default/train-dreams,partOf,declared,true,2026-10-01,2026-10-01T08:00:00Z
component:default/adolescence,repository:github.com/streaming-infra/Adolescence,sourceRepository,declared,true,2026-10-01,2026-10-01T08:00:00Z
component:default/adolescence,gcp-project:netflix,associatedProject,declared,true,2026-10-01,2026-10-01T08:00:00Z
workflow:adolescence/stephen_graham,component:default/adolescence,partOf,declared,true,2026-10-01,2026-10-01T08:00:00Z
workflow:adolescence/owen_cooper,component:default/adolescence,partOf,declared,true,2026-10-01,2026-10-01T08:00:00Z
workflow:adolescence/bidi_iredale,component:default/adolescence,partOf,declared,true,2026-10-01,2026-10-01T08:00:00Z
workflow:adolescence/amlie_pease,component:default/adolescence,partOf,declared,true,2026-10-01,2026-10-01T08:00:00Z
component:default/bo-burnham-inside,repository:github.com/streaming-infra/BoBurnham,sourceRepository,declared,true,2026-10-01,2026-10-01T08:00:00Z
component:default/bo-burnham-inside,gcp-project:netflix,associatedProject,declared,true,2026-10-01,2026-10-01T08:00:00Z
workflow:bo-burnham-inside/bo_burnham,component:default/bo-burnham-inside,partOf,declared,true,2026-10-01,2026-10-01T08:00:00Z
workflow:bo-burnham-inside/josh_senior,component:default/bo-burnham-inside,partOf,declared,true,2026-10-01,2026-10-01T08:00:00Z
workflow:bo-burnham-inside/andrew_wehde,component:default/bo-burnham-inside,partOf,declared,true,2026-10-01,2026-10-01T08:00:00Z
component:default/eighth-grade,repository:github.com/streaming-infra/EighthGrade,sourceRepository,declared,true,2026-10-01,2026-10-01T08:00:00Z
component:default/eighth-grade,gcp-project:netflix,associatedProject,declared,true,2026-10-01,2026-10-01T08:00:00Z
workflow:eighth-grade/elsie_fisher,component:default/eighth-grade,partOf,declared,true,2026-10-01,2026-10-01T08:00:00Z
workflow:eighth-grade/josh_hamilton,component:default/eighth-grade,partOf,declared,true,2026-10-01,2026-10-01T08:00:00Z
workflow:eighth-grade/emily_robinson,component:default/eighth-grade,partOf,declared,true,2026-10-01,2026-10-01T08:00:00Z
workflow:eighth-grade/jake_ryan,component:default/eighth-grade,partOf,declared,true,2026-10-01,2026-10-01T08:00:00Z
component:default/knives-out-glass-onion,repository:github.com/streaming-infra/KnivesOutUniverse,sourceRepository,declared,true,2026-10-01,2026-10-01T08:00:00Z
component:default/knives-out-glass-onion,gcp-project:netflix,associatedProject,declared,true,2026-10-01,2026-10-01T08:00:00Z
workflow:knives-out-glass-onion/daniel_craig,component:default/knives-out-glass-onion,partOf,declared,true,2026-10-01,2026-10-01T08:00:00Z
workflow:knives-out-glass-onion/edward_norton,component:default/knives-out-glass-onion,partOf,declared,true,2026-10-01,2026-10-01T08:00:00Z
workflow:knives-out-glass-onion/janelle_mone,component:default/knives-out-glass-onion,partOf,declared,true,2026-10-01,2026-10-01T08:00:00Z
workflow:knives-out-glass-onion/kathryn_hahn,component:default/knives-out-glass-onion,partOf,declared,true,2026-10-01,2026-10-01T08:00:00Z
workflow:knives-out-glass-onion/leslie_odom_jr,component:default/knives-out-glass-onion,partOf,declared,true,2026-10-01,2026-10-01T08:00:00Z
component:default/knives-out-wake-up-dead-man,repository:github.com/streaming-infra/KnivesOutUniverse,sourceRepository,declared,true,2026-10-01,2026-10-01T08:00:00Z
component:default/knives-out-wake-up-dead-man,gcp-project:netflix,associatedProject,declared,true,2026-10-01,2026-10-01T08:00:00Z
workflow:knives-out-wake-up-dead-man/benoit_blanc,component:default/knives-out-wake-up-dead-man,partOf,declared,true,2026-10-01,2026-10-01T08:00:00Z
workflow:knives-out-wake-up-dead-man/fr_jud_duplenticy,component:default/knives-out-wake-up-dead-man,partOf,declared,true,2026-10-01,2026-10-01T08:00:00Z
workflow:knives-out-wake-up-dead-man/martha_delacroix,component:default/knives-out-wake-up-dead-man,partOf,declared,true,2026-10-01,2026-10-01T08:00:00Z
workflow:knives-out-wake-up-dead-man/mons_jefferson_wicks,component:default/knives-out-wake-up-dead-man,partOf,declared,true,2026-10-01,2026-10-01T08:00:00Z
workflow:knives-out-wake-up-dead-man/chief_geraldine_scott,component:default/knives-out-wake-up-dead-man,partOf,declared,true,2026-10-01,2026-10-01T08:00:00Z
component:default/top-gun-maverick,repository:github.com/streaming-infra/TopGunMaverick,sourceRepository,declared,true,2026-10-01,2026-10-01T08:00:00Z
component:default/top-gun-maverick,gcp-project:netflix,associatedProject,declared,true,2026-10-01,2026-10-01T08:00:00Z
workflow:top-gun-maverick/tom_cruise,component:default/top-gun-maverick,partOf,declared,true,2026-10-01,2026-10-01T08:00:00Z
workflow:top-gun-maverick/miles_teller,component:default/top-gun-maverick,partOf,declared,true,2026-10-01,2026-10-01T08:00:00Z
workflow:top-gun-maverick/jennifer_connelly,component:default/top-gun-maverick,partOf,declared,true,2026-10-01,2026-10-01T08:00:00Z
workflow:top-gun-maverick/bashir_salahuddin,component:default/top-gun-maverick,partOf,declared,true,2026-10-01,2026-10-01T08:00:00Z
workflow:top-gun-maverick/jon_hamm,component:default/top-gun-maverick,partOf,declared,true,2026-10-01,2026-10-01T08:00:00Z
component:default/nine-to-five,repository:github.com/streaming-infra/NineToFive,sourceRepository,declared,true,2026-10-01,2026-10-01T08:00:00Z
component:default/nine-to-five,gcp-project:netflix,associatedProject,declared,true,2026-10-01,2026-10-01T08:00:00Z
workflow:nine-to-five/jane_fonda,component:default/nine-to-five,partOf,declared,true,2026-10-01,2026-10-01T08:00:00Z
workflow:nine-to-five/lily_tomlin,component:default/nine-to-five,partOf,declared,true,2026-10-01,2026-10-01T08:00:00Z
workflow:nine-to-five/dolly_parton,component:default/nine-to-five,partOf,declared,true,2026-10-01,2026-10-01T08:00:00Z
workflow:nine-to-five/dabney_coleman,component:default/nine-to-five,partOf,declared,true,2026-10-01,2026-10-01T08:00:00Z
component:default/people-we-meet-on-vacation,repository:github.com/streaming-infra/PeopleWeMeetOnVacation,sourceRepository,declared,true,2026-10-01,2026-10-01T08:00:00Z
component:default/people-we-meet-on-vacation,gcp-project:netflix,associatedProject,declared,true,2026-10-01,2026-10-01T08:00:00Z
workflow:people-we-meet-on-vacation/emily_bader,component:default/people-we-meet-on-vacation,partOf,declared,true,2026-10-01,2026-10-01T08:00:00Z
workflow:people-we-meet-on-vacation/tom_blyth,component:default/people-we-meet-on-vacation,partOf,declared,true,2026-10-01,2026-10-01T08:00:00Z
workflow:people-we-meet-on-vacation/sarah_catherine_hook,component:default/people-we-meet-on-vacation,partOf,declared,true,2026-10-01,2026-10-01T08:00:00Z
component:default/dawsons-creek,repository:github.com/streaming-infra/DawsonsCreek,sourceRepository,declared,true,2026-10-01,2026-10-01T08:00:00Z
component:default/dawsons-creek,gcp-project:netflix,associatedProject,declared,true,2026-10-01,2026-10-01T08:00:00Z
workflow:dawsons-creek/dawson_leery,component:default/dawsons-creek,partOf,declared,true,2026-10-01,2026-10-01T08:00:00Z
workflow:dawsons-creek/joey_potter,component:default/dawsons-creek,partOf,declared,true,2026-10-01,2026-10-01T08:00:00Z
workflow:dawsons-creek/jen_lindley,component:default/dawsons-creek,partOf,declared,true,2026-10-01,2026-10-01T08:00:00Z
workflow:dawsons-creek/pacey_witter,component:default/dawsons-creek,partOf,declared,true,2026-10-01,2026-10-01T08:00:00Z
workflow:dawsons-creek/evelyn_grams_ryan,component:default/dawsons-creek,partOf,declared,true,2026-10-01,2026-10-01T08:00:00Z
component:default/the-west-wing,repository:github.com/streaming-infra/TheWestWing,sourceRepository,declared,true,2026-10-01,2026-10-01T08:00:00Z
component:default/the-west-wing,gcp-project:netflix,associatedProject,declared,true,2026-10-01,2026-10-01T08:00:00Z
workflow:the-west-wing/josiah_bartlet,component:default/the-west-wing,partOf,declared,true,2026-10-01,2026-10-01T08:00:00Z
workflow:the-west-wing/cj_cregg,component:default/the-west-wing,partOf,declared,true,2026-10-01,2026-10-01T08:00:00Z
workflow:the-west-wing/leo_mcgarry,component:default/the-west-wing,partOf,declared,true,2026-10-01,2026-10-01T08:00:00Z
workflow:the-west-wing/josh_lyman,component:default/the-west-wing,partOf,declared,true,2026-10-01,2026-10-01T08:00:00Z
workflow:the-west-wing/donna_moss,component:default/the-west-wing,partOf,declared,true,2026-10-01,2026-10-01T08:00:00Z
component:default/suits,repository:github.com/streaming-infra/Suits,sourceRepository,declared,true,2026-10-01,2026-10-01T08:00:00Z
component:default/suits,gcp-project:netflix,associatedProject,declared,true,2026-10-01,2026-10-01T08:00:00Z
workflow:suits/gabriel_macht,component:default/suits,partOf,declared,true,2026-10-01,2026-10-01T08:00:00Z
workflow:suits/rick_hoffman,component:default/suits,partOf,declared,true,2026-10-01,2026-10-01T08:00:00Z
workflow:suits/sarah_rafferty,component:default/suits,partOf,declared,true,2026-10-01,2026-10-01T08:00:00Z
workflow:suits/patrick_j_adams,component:default/suits,partOf,declared,true,2026-10-01,2026-10-01T08:00:00Z
workflow:suits/meghan_duchess_of_sussex,component:default/suits,partOf,declared,true,2026-10-01,2026-10-01T08:00:00Z
component:default/black-mirror,repository:github.com/streaming-infra/BlackMirror,sourceRepository,declared,true,2026-10-01,2026-10-01T08:00:00Z
component:default/black-mirror,gcp-project:netflix,associatedProject,declared,true,2026-10-01,2026-10-01T08:00:00Z
workflow:black-mirror/annabel_jones,component:default/black-mirror,partOf,declared,true,2026-10-01,2026-10-01T08:00:00Z
workflow:black-mirror/charlie_brooker,component:default/black-mirror,partOf,declared,true,2026-10-01,2026-10-01T08:00:00Z
workflow:black-mirror/ian_hogan,component:default/black-mirror,partOf,declared,true,2026-10-01,2026-10-01T08:00:00Z
workflow:black-mirror/bisha_k_ali,component:default/black-mirror,partOf,declared,true,2026-10-01,2026-10-01T08:00:00Z
component:default/beef,repository:github.com/streaming-infra/Beef,sourceRepository,declared,true,2026-10-01,2026-10-01T08:00:00Z
component:default/beef,gcp-project:netflix,associatedProject,declared,true,2026-10-01,2026-10-01T08:00:00Z
workflow:beef/steven_yeun,component:default/beef,partOf,declared,true,2026-10-01,2026-10-01T08:00:00Z
workflow:beef/ali_wong,component:default/beef,partOf,declared,true,2026-10-01,2026-10-01T08:00:00Z
workflow:beef/joseph_lee,component:default/beef,partOf,declared,true,2026-10-01,2026-10-01T08:00:00Z
workflow:beef/young_mazino,component:default/beef,partOf,declared,true,2026-10-01,2026-10-01T08:00:00Z
component:default/the-squid-and-the-whale,repository:github.com/streaming-infra/TheSquidAndTheWhale,sourceRepository,declared,true,2026-10-01,2026-10-01T08:00:00Z
component:default/the-squid-and-the-whale,gcp-project:netflix,associatedProject,declared,true,2026-10-01,2026-10-01T08:00:00Z
workflow:the-squid-and-the-whale/jeff_daniels,component:default/the-squid-and-the-whale,partOf,declared,true,2026-10-01,2026-10-01T08:00:00Z
workflow:the-squid-and-the-whale/laura_linney,component:default/the-squid-and-the-whale,partOf,declared,true,2026-10-01,2026-10-01T08:00:00Z
workflow:the-squid-and-the-whale/jesse_eisenberg,component:default/the-squid-and-the-whale,partOf,declared,true,2026-10-01,2026-10-01T08:00:00Z
workflow:the-squid-and-the-whale/owen_kline,component:default/the-squid-and-the-whale,partOf,declared,true,2026-10-01,2026-10-01T08:00:00Z
component:default/the-big-picture,repository:github.com/streaming-infra/TheBigPicture,sourceRepository,declared,true,2026-10-01,2026-10-01T08:00:00Z
component:default/the-big-picture,gcp-project:netflix,associatedProject,declared,true,2026-10-01,2026-10-01T08:00:00Z
workflow:the-big-picture/kevin_bacon,component:default/the-big-picture,partOf,declared,true,2026-10-01,2026-10-01T08:00:00Z
workflow:the-big-picture/emily_longstreth,component:default/the-big-picture,partOf,declared,true,2026-10-01,2026-10-01T08:00:00Z
workflow:the-big-picture/jt_walsh,component:default/the-big-picture,partOf,declared,true,2026-10-01,2026-10-01T08:00:00Z
component:default/one-battle-after-another,repository:github.com/streaming-infra/OneBattleAfterAnother,sourceRepository,declared,true,2026-10-01,2026-10-01T08:00:00Z
component:default/one-battle-after-another,gcp-project:hbo-max,associatedProject,declared,true,2026-10-01,2026-10-01T08:00:00Z
workflow:one-battle-after-another/sean_penn,component:default/one-battle-after-another,partOf,declared,true,2026-10-01,2026-10-01T08:00:00Z
workflow:one-battle-after-another/chase_infiniti,component:default/one-battle-after-another,partOf,declared,true,2026-10-01,2026-10-01T08:00:00Z
workflow:one-battle-after-another/benicio_del_toro,component:default/one-battle-after-another,partOf,declared,true,2026-10-01,2026-10-01T08:00:00Z
component:default/sinners,repository:github.com/streaming-infra/Sinners,sourceRepository,declared,true,2026-10-01,2026-10-01T08:00:00Z
component:default/sinners,gcp-project:hbo-max,associatedProject,declared,true,2026-10-01,2026-10-01T08:00:00Z
workflow:sinners/michael_b_jordan,component:default/sinners,partOf,declared,true,2026-10-01,2026-10-01T08:00:00Z
workflow:sinners/hailee_steinfeld,component:default/sinners,partOf,declared,true,2026-10-01,2026-10-01T08:00:00Z
workflow:sinners/miles_caton,component:default/sinners,partOf,declared,true,2026-10-01,2026-10-01T08:00:00Z
workflow:sinners/jack_oconnell,component:default/sinners,partOf,declared,true,2026-10-01,2026-10-01T08:00:00Z
workflow:sinners/wunmi_mosaku,component:default/sinners,partOf,declared,true,2026-10-01,2026-10-01T08:00:00Z
component:default/materialists,repository:github.com/streaming-infra/Materialists,sourceRepository,declared,true,2026-10-01,2026-10-01T08:00:00Z
component:default/materialists,gcp-project:hbo-max,associatedProject,declared,true,2026-10-01,2026-10-01T08:00:00Z
workflow:materialists/dakota_johnson,component:default/materialists,partOf,declared,true,2026-10-01,2026-10-01T08:00:00Z
workflow:materialists/chris_evans,component:default/materialists,partOf,declared,true,2026-10-01,2026-10-01T08:00:00Z
workflow:materialists/pedro_pascal,component:default/materialists,partOf,declared,true,2026-10-01,2026-10-01T08:00:00Z
workflow:materialists/zo_winters,component:default/materialists,partOf,declared,true,2026-10-01,2026-10-01T08:00:00Z
component:default/marty-supreme,repository:github.com/streaming-infra/MartySupreme,sourceRepository,declared,true,2026-10-01,2026-10-01T08:00:00Z
component:default/marty-supreme,gcp-project:hbo-max,associatedProject,declared,true,2026-10-01,2026-10-01T08:00:00Z
workflow:marty-supreme/timothe_chalamet,component:default/marty-supreme,partOf,declared,true,2026-10-01,2026-10-01T08:00:00Z
workflow:marty-supreme/gwyneth_paltrow,component:default/marty-supreme,partOf,declared,true,2026-10-01,2026-10-01T08:00:00Z
workflow:marty-supreme/odessa_azion,component:default/marty-supreme,partOf,declared,true,2026-10-01,2026-10-01T08:00:00Z
component:default/the-brutalist,repository:github.com/streaming-infra/TheBrutalist,sourceRepository,declared,true,2026-10-01,2026-10-01T08:00:00Z
component:default/the-brutalist,gcp-project:hbo-max,associatedProject,declared,true,2026-10-01,2026-10-01T08:00:00Z
workflow:the-brutalist/adrien_brody,component:default/the-brutalist,partOf,declared,true,2026-10-01,2026-10-01T08:00:00Z
workflow:the-brutalist/guy_pearce,component:default/the-brutalist,partOf,declared,true,2026-10-01,2026-10-01T08:00:00Z
workflow:the-brutalist/joe_alwyn,component:default/the-brutalist,partOf,declared,true,2026-10-01,2026-10-01T08:00:00Z
workflow:the-brutalist/raffey_cassidy,component:default/the-brutalist,partOf,declared,true,2026-10-01,2026-10-01T08:00:00Z
workflow:the-brutalist/stacy_martin,component:default/the-brutalist,partOf,declared,true,2026-10-01,2026-10-01T08:00:00Z
component:default/lanterns,repository:github.com/streaming-infra/Lanterns,sourceRepository,declared,true,2026-10-01,2026-10-01T08:00:00Z
component:default/lanterns,gcp-project:hbo-max,associatedProject,declared,true,2026-10-01,2026-10-01T08:00:00Z
workflow:lanterns/kyle_chandler,component:default/lanterns,partOf,declared,true,2026-10-01,2026-10-01T08:00:00Z
workflow:lanterns/aaron_pierre,component:default/lanterns,partOf,declared,true,2026-10-01,2026-10-01T08:00:00Z
workflow:lanterns/kelly_macdonald,component:default/lanterns,partOf,declared,true,2026-10-01,2026-10-01T08:00:00Z
workflow:lanterns/j_alphonse_nicholson,component:default/lanterns,partOf,declared,true,2026-10-01,2026-10-01T08:00:00Z
component:default/game-of-thrones,repository:github.com/streaming-infra/GameOfThrones,sourceRepository,declared,true,2026-10-01,2026-10-01T08:00:00Z
component:default/game-of-thrones,gcp-project:hbo-max,associatedProject,declared,true,2026-10-01,2026-10-01T08:00:00Z
workflow:game-of-thrones/tyrion_the_halfman_lannister,component:default/game-of-thrones,partOf,declared,true,2026-10-01,2026-10-01T08:00:00Z
workflow:game-of-thrones/jon_snow,component:default/game-of-thrones,partOf,declared,true,2026-10-01,2026-10-01T08:00:00Z
workflow:game-of-thrones/sir_jaime_kingslayer_lannister,component:default/game-of-thrones,partOf,declared,true,2026-10-01,2026-10-01T08:00:00Z
workflow:game-of-thrones/cersei_lannister,component:default/game-of-thrones,partOf,declared,true,2026-10-01,2026-10-01T08:00:00Z
workflow:game-of-thrones/daenerys_targaryen,component:default/game-of-thrones,partOf,declared,true,2026-10-01,2026-10-01T08:00:00Z
workflow:game-of-thrones/arya_stark,component:default/game-of-thrones,partOf,declared,true,2026-10-01,2026-10-01T08:00:00Z
workflow:game-of-thrones/brandon_bran_stark,component:default/game-of-thrones,partOf,declared,true,2026-10-01,2026-10-01T08:00:00Z
workflow:game-of-thrones/sansa_stark,component:default/game-of-thrones,partOf,declared,true,2026-10-01,2026-10-01T08:00:00Z
workflow:game-of-thrones/ser_jorah_mormont,component:default/game-of-thrones,partOf,declared,true,2026-10-01,2026-10-01T08:00:00Z
workflow:game-of-thrones/samwell_sam_tarly,component:default/game-of-thrones,partOf,declared,true,2026-10-01,2026-10-01T08:00:00Z
workflow:game-of-thrones/davos_seaworth,component:default/game-of-thrones,partOf,declared,true,2026-10-01,2026-10-01T08:00:00Z
workflow:game-of-thrones/theon_greyjoy,component:default/game-of-thrones,partOf,declared,true,2026-10-01,2026-10-01T08:00:00Z
workflow:game-of-thrones/petyr_littlefinger_baelish,component:default/game-of-thrones,partOf,declared,true,2026-10-01,2026-10-01T08:00:00Z
workflow:game-of-thrones/sandor_the_hound_clegane,component:default/game-of-thrones,partOf,declared,true,2026-10-01,2026-10-01T08:00:00Z
workflow:game-of-thrones/bronn,component:default/game-of-thrones,partOf,declared,true,2026-10-01,2026-10-01T08:00:00Z
workflow:game-of-thrones/lord_varys,component:default/game-of-thrones,partOf,declared,true,2026-10-01,2026-10-01T08:00:00Z
workflow:game-of-thrones/grey_worm,component:default/game-of-thrones,partOf,declared,true,2026-10-01,2026-10-01T08:00:00Z
workflow:game-of-thrones/brienne_of_tarth,component:default/game-of-thrones,partOf,declared,true,2026-10-01,2026-10-01T08:00:00Z
workflow:game-of-thrones/tormund_giantsbane,component:default/game-of-thrones,partOf,declared,true,2026-10-01,2026-10-01T08:00:00Z
workflow:game-of-thrones/melisandre,component:default/game-of-thrones,partOf,declared,true,2026-10-01,2026-10-01T08:00:00Z
workflow:game-of-thrones/missandei,component:default/game-of-thrones,partOf,declared,true,2026-10-01,2026-10-01T08:00:00Z
workflow:game-of-thrones/margaery_tyrell,component:default/game-of-thrones,partOf,declared,true,2026-10-01,2026-10-01T08:00:00Z
workflow:game-of-thrones/stannis_baratheon,component:default/game-of-thrones,partOf,declared,true,2026-10-01,2026-10-01T08:00:00Z
workflow:game-of-thrones/myranda,component:default/game-of-thrones,partOf,declared,true,2026-10-01,2026-10-01T08:00:00Z
workflow:game-of-thrones/gilly,component:default/game-of-thrones,partOf,declared,true,2026-10-01,2026-10-01T08:00:00Z
workflow:game-of-thrones/tywin_lannister,component:default/game-of-thrones,partOf,declared,true,2026-10-01,2026-10-01T08:00:00Z
workflow:game-of-thrones/podrick_payne,component:default/game-of-thrones,partOf,declared,true,2026-10-01,2026-10-01T08:00:00Z
workflow:game-of-thrones/eddison_tollett,component:default/game-of-thrones,partOf,declared,true,2026-10-01,2026-10-01T08:00:00Z
workflow:game-of-thrones/joffrey_baratheon,component:default/game-of-thrones,partOf,declared,true,2026-10-01,2026-10-01T08:00:00Z
workflow:game-of-thrones/shae,component:default/game-of-thrones,partOf,declared,true,2026-10-01,2026-10-01T08:00:00Z
workflow:game-of-thrones/grand_maester_pycelle,component:default/game-of-thrones,partOf,declared,true,2026-10-01,2026-10-01T08:00:00Z
workflow:game-of-thrones/robb_stark,component:default/game-of-thrones,partOf,declared,true,2026-10-01,2026-10-01T08:00:00Z
workflow:game-of-thrones/catelyn_stark,component:default/game-of-thrones,partOf,declared,true,2026-10-01,2026-10-01T08:00:00Z
workflow:game-of-thrones/olly,component:default/game-of-thrones,partOf,declared,true,2026-10-01,2026-10-01T08:00:00Z
workflow:game-of-thrones/gendry,component:default/game-of-thrones,partOf,declared,true,2026-10-01,2026-10-01T08:00:00Z
workflow:game-of-thrones/tyene_sand,component:default/game-of-thrones,partOf,declared,true,2026-10-01,2026-10-01T08:00:00Z
workflow:game-of-thrones/nymeria_sand,component:default/game-of-thrones,partOf,declared,true,2026-10-01,2026-10-01T08:00:00Z
workflow:game-of-thrones/obara_sand,component:default/game-of-thrones,partOf,declared,true,2026-10-01,2026-10-01T08:00:00Z
workflow:game-of-thrones/jaqen_hghar,component:default/game-of-thrones,partOf,declared,true,2026-10-01,2026-10-01T08:00:00Z
workflow:game-of-thrones/daario_naharis,component:default/game-of-thrones,partOf,declared,true,2026-10-01,2026-10-01T08:00:00Z
workflow:game-of-thrones/roose_bolton,component:default/game-of-thrones,partOf,declared,true,2026-10-01,2026-10-01T08:00:00Z
workflow:game-of-thrones/barristan_selmy,component:default/game-of-thrones,partOf,declared,true,2026-10-01,2026-10-01T08:00:00Z
workflow:game-of-thrones/ygritte,component:default/game-of-thrones,partOf,declared,true,2026-10-01,2026-10-01T08:00:00Z
workflow:game-of-thrones/hodor,component:default/game-of-thrones,partOf,declared,true,2026-10-01,2026-10-01T08:00:00Z
workflow:game-of-thrones/ellaria_sand,component:default/game-of-thrones,partOf,declared,true,2026-10-01,2026-10-01T08:00:00Z
workflow:game-of-thrones/qyburn,component:default/game-of-thrones,partOf,declared,true,2026-10-01,2026-10-01T08:00:00Z
workflow:game-of-thrones/grenn,component:default/game-of-thrones,partOf,declared,true,2026-10-01,2026-10-01T08:00:00Z
workflow:game-of-thrones/sir_loras_tyrell,component:default/game-of-thrones,partOf,declared,true,2026-10-01,2026-10-01T08:00:00Z
workflow:game-of-thrones/areo_hotah,component:default/game-of-thrones,partOf,declared,true,2026-10-01,2026-10-01T08:00:00Z
workflow:game-of-thrones/doran_martell,component:default/game-of-thrones,partOf,declared,true,2026-10-01,2026-10-01T08:00:00Z
workflow:game-of-thrones/khal_drogo,component:default/game-of-thrones,partOf,declared,true,2026-10-01,2026-10-01T08:00:00Z
workflow:game-of-thrones/karl_drogo,component:default/game-of-thrones,partOf,declared,true,2026-10-01,2026-10-01T08:00:00Z
workflow:game-of-thrones/ramsay_snow,component:default/game-of-thrones,partOf,declared,true,2026-10-01,2026-10-01T08:00:00Z
workflow:game-of-thrones/alliser_thorne,component:default/game-of-thrones,partOf,declared,true,2026-10-01,2026-10-01T08:00:00Z
workflow:game-of-thrones/tommen_baratheon,component:default/game-of-thrones,partOf,declared,true,2026-10-01,2026-10-01T08:00:00Z
workflow:game-of-thrones/martyn_lannister,component:default/game-of-thrones,partOf,declared,true,2026-10-01,2026-10-01T08:00:00Z
workflow:game-of-thrones/jeor_mormont,component:default/game-of-thrones,partOf,declared,true,2026-10-01,2026-10-01T08:00:00Z
workflow:game-of-thrones/olenna_tyrell,component:default/game-of-thrones,partOf,declared,true,2026-10-01,2026-10-01T08:00:00Z
workflow:game-of-thrones/meryn_trant,component:default/game-of-thrones,partOf,declared,true,2026-10-01,2026-10-01T08:00:00Z
workflow:game-of-thrones/gregor_the_mountain_clegane,component:default/game-of-thrones,partOf,declared,true,2026-10-01,2026-10-01T08:00:00Z
component:default/house-of-the-dragon,repository:github.com/streaming-infra/HouseOfTheDragon,sourceRepository,declared,true,2026-10-01,2026-10-01T08:00:00Z
component:default/house-of-the-dragon,gcp-project:hbo-max,associatedProject,declared,true,2026-10-01,2026-10-01T08:00:00Z
workflow:house-of-the-dragon/matt_smith,component:default/house-of-the-dragon,partOf,declared,true,2026-10-01,2026-10-01T08:00:00Z
workflow:house-of-the-dragon/steve_toussaint,component:default/house-of-the-dragon,partOf,declared,true,2026-10-01,2026-10-01T08:00:00Z
workflow:house-of-the-dragon/sonoya_mizuno,component:default/house-of-the-dragon,partOf,declared,true,2026-10-01,2026-10-01T08:00:00Z
workflow:house-of-the-dragon/fabien_frankel,component:default/house-of-the-dragon,partOf,declared,true,2026-10-01,2026-10-01T08:00:00Z
workflow:house-of-the-dragon/matthew_needham,component:default/house-of-the-dragon,partOf,declared,true,2026-10-01,2026-10-01T08:00:00Z
component:default/a-knight-of-the-seven-kingdoms,repository:github.com/streaming-infra/AKnightOfTheSevenKingdoms,sourceRepository,declared,true,2026-10-01,2026-10-01T08:00:00Z
component:default/a-knight-of-the-seven-kingdoms,gcp-project:hbo-max,associatedProject,declared,true,2026-10-01,2026-10-01T08:00:00Z
workflow:a-knight-of-the-seven-kingdoms/sarah_bradshaw,component:default/a-knight-of-the-seven-kingdoms,partOf,declared,true,2026-10-01,2026-10-01T08:00:00Z
workflow:a-knight-of-the-seven-kingdoms/vince_gerardis,component:default/a-knight-of-the-seven-kingdoms,partOf,declared,true,2026-10-01,2026-10-01T08:00:00Z
workflow:a-knight-of-the-seven-kingdoms/george_rr_martin,component:default/a-knight-of-the-seven-kingdoms,partOf,declared,true,2026-10-01,2026-10-01T08:00:00Z
component:default/game-changer,repository:github.com/streaming-infra/GameChanger,sourceRepository,declared,true,2026-10-01,2026-10-01T08:00:00Z
component:default/game-changer,gcp-project:dropout-tv,associatedProject,declared,true,2026-10-01,2026-10-01T08:00:00Z
workflow:game-changer/sam_reich,component:default/game-changer,partOf,declared,true,2026-10-01,2026-10-01T08:00:00Z
workflow:game-changer/grant_obrien,component:default/game-changer,partOf,declared,true,2026-10-01,2026-10-01T08:00:00Z
workflow:game-changer/brennan_lee_mulligan,component:default/game-changer,partOf,declared,true,2026-10-01,2026-10-01T08:00:00Z
workflow:game-changer/lily_du,component:default/game-changer,partOf,declared,true,2026-10-01,2026-10-01T08:00:00Z
workflow:game-changer/ally_beardsley,component:default/game-changer,partOf,declared,true,2026-10-01,2026-10-01T08:00:00Z
component:default/dimension-20,repository:github.com/streaming-infra/Dimension20,sourceRepository,declared,true,2026-10-01,2026-10-01T08:00:00Z
component:default/dimension-20,gcp-project:dropout-tv,associatedProject,declared,true,2026-10-01,2026-10-01T08:00:00Z
workflow:dimension-20/lou_wilson,component:default/dimension-20,partOf,declared,true,2026-10-01,2026-10-01T08:00:00Z
workflow:dimension-20/zac_oyama,component:default/dimension-20,partOf,declared,true,2026-10-01,2026-10-01T08:00:00Z
workflow:dimension-20/siobhan_thompson,component:default/dimension-20,partOf,declared,true,2026-10-01,2026-10-01T08:00:00Z
workflow:dimension-20/emily_axford,component:default/dimension-20,partOf,declared,true,2026-10-01,2026-10-01T08:00:00Z
workflow:dimension-20/brian_murphy,component:default/dimension-20,partOf,declared,true,2026-10-01,2026-10-01T08:00:00Z
component:default/make-some-noise,repository:github.com/streaming-infra/MakeSomeNoise,sourceRepository,declared,true,2026-10-01,2026-10-01T08:00:00Z
component:default/make-some-noise,gcp-project:dropout-tv,associatedProject,declared,true,2026-10-01,2026-10-01T08:00:00Z
workflow:make-some-noise/josh_ruben,component:default/make-some-noise,partOf,declared,true,2026-10-01,2026-10-01T08:00:00Z
workflow:make-some-noise/paul_robalino,component:default/make-some-noise,partOf,declared,true,2026-10-01,2026-10-01T08:00:00Z
workflow:make-some-noise/jacob_wysocki,component:default/make-some-noise,partOf,declared,true,2026-10-01,2026-10-01T08:00:00Z
workflow:make-some-noise/ross_bryant,component:default/make-some-noise,partOf,declared,true,2026-10-01,2026-10-01T08:00:00Z
component:default/smartypants,repository:github.com/streaming-infra/Smartypants,sourceRepository,declared,true,2026-10-01,2026-10-01T08:00:00Z
component:default/smartypants,gcp-project:dropout-tv,associatedProject,declared,true,2026-10-01,2026-10-01T08:00:00Z
workflow:smartypants/rekha_shankar,component:default/smartypants,partOf,declared,true,2026-10-01,2026-10-01T08:00:00Z
workflow:smartypants/mike_trapp,component:default/smartypants,partOf,declared,true,2026-10-01,2026-10-01T08:00:00Z
workflow:smartypants/demi_adejuyigbe,component:default/smartypants,partOf,declared,true,2026-10-01,2026-10-01T08:00:00Z
component:default/hundreds-of-beavers,repository:github.com/streaming-infra/HundredsOfBeavers,sourceRepository,declared,true,2026-10-01,2026-10-01T08:00:00Z
component:default/hundreds-of-beavers,gcp-project:dropout-tv,associatedProject,declared,true,2026-10-01,2026-10-01T08:00:00Z
workflow:hundreds-of-beavers/nick_bellore,component:default/hundreds-of-beavers,partOf,declared,true,2026-10-01,2026-10-01T08:00:00Z
workflow:hundreds-of-beavers/mario_balistreri,component:default/hundreds-of-beavers,partOf,declared,true,2026-10-01,2026-10-01T08:00:00Z
workflow:hundreds-of-beavers/mike_cheslik,component:default/hundreds-of-beavers,partOf,declared,true,2026-10-01,2026-10-01T08:00:00Z
component:default/nirvanna-the-band-the-show-the-movie,repository:github.com/streaming-infra/NirvannaTheBandTheShowTheMovie,sourceRepository,declared,true,2026-10-01,2026-10-01T08:00:00Z
component:default/nirvanna-the-band-the-show-the-movie,gcp-project:hulu,associatedProject,declared,true,2026-10-01,2026-10-01T08:00:00Z
workflow:nirvanna-the-band-the-show-the-movie/jay_mccarrol,component:default/nirvanna-the-band-the-show-the-movie,partOf,declared,true,2026-10-01,2026-10-01T08:00:00Z
workflow:nirvanna-the-band-the-show-the-movie/matt_johnson,component:default/nirvanna-the-band-the-show-the-movie,partOf,declared,true,2026-10-01,2026-10-01T08:00:00Z
workflow:nirvanna-the-band-the-show-the-movie/jared_raab,component:default/nirvanna-the-band-the-show-the-movie,partOf,declared,true,2026-10-01,2026-10-01T08:00:00Z
component:default/saturday-night,repository:github.com/streaming-infra/SaturdayNight,sourceRepository,declared,true,2026-10-01,2026-10-01T08:00:00Z
component:default/saturday-night,gcp-project:hulu,associatedProject,declared,true,2026-10-01,2026-10-01T08:00:00Z
workflow:saturday-night/gabriel_labelle,component:default/saturday-night,partOf,declared,true,2026-10-01,2026-10-01T08:00:00Z
workflow:saturday-night/rachel_sennott,component:default/saturday-night,partOf,declared,true,2026-10-01,2026-10-01T08:00:00Z
workflow:saturday-night/cory_michael_smith,component:default/saturday-night,partOf,declared,true,2026-10-01,2026-10-01T08:00:00Z
workflow:saturday-night/ella_hunt,component:default/saturday-night,partOf,declared,true,2026-10-01,2026-10-01T08:00:00Z
workflow:saturday-night/dylan_obrien,component:default/saturday-night,partOf,declared,true,2026-10-01,2026-10-01T08:00:00Z
component:default/everything-everywhere-all-at-once,repository:github.com/streaming-infra/EverythingEverywhereAllAtOnce,sourceRepository,declared,true,2026-10-01,2026-10-01T08:00:00Z
component:default/everything-everywhere-all-at-once,gcp-project:hulu,associatedProject,declared,true,2026-10-01,2026-10-01T08:00:00Z
workflow:everything-everywhere-all-at-once/michelle_yeoh,component:default/everything-everywhere-all-at-once,partOf,declared,true,2026-10-01,2026-10-01T08:00:00Z
workflow:everything-everywhere-all-at-once/stephanie_hsu,component:default/everything-everywhere-all-at-once,partOf,declared,true,2026-10-01,2026-10-01T08:00:00Z
workflow:everything-everywhere-all-at-once/ke_huy_quan,component:default/everything-everywhere-all-at-once,partOf,declared,true,2026-10-01,2026-10-01T08:00:00Z
workflow:everything-everywhere-all-at-once/james_hong,component:default/everything-everywhere-all-at-once,partOf,declared,true,2026-10-01,2026-10-01T08:00:00Z
workflow:everything-everywhere-all-at-once/jamie_lee_curtis,component:default/everything-everywhere-all-at-once,partOf,declared,true,2026-10-01,2026-10-01T08:00:00Z
component:default/palm-springs,repository:github.com/streaming-infra/PalmSprings,sourceRepository,declared,true,2026-10-01,2026-10-01T08:00:00Z
component:default/palm-springs,gcp-project:hulu,associatedProject,declared,true,2026-10-01,2026-10-01T08:00:00Z
workflow:palm-springs/andy_samberg,component:default/palm-springs,partOf,declared,true,2026-10-01,2026-10-01T08:00:00Z
workflow:palm-springs/cristin_milioti,component:default/palm-springs,partOf,declared,true,2026-10-01,2026-10-01T08:00:00Z
workflow:palm-springs/jk_simmons,component:default/palm-springs,partOf,declared,true,2026-10-01,2026-10-01T08:00:00Z
workflow:palm-springs/peter_gallagher,component:default/palm-springs,partOf,declared,true,2026-10-01,2026-10-01T08:00:00Z
component:default/adults,repository:github.com/streaming-infra/Adults,sourceRepository,declared,true,2026-10-01,2026-10-01T08:00:00Z
component:default/adults,gcp-project:hulu,associatedProject,declared,true,2026-10-01,2026-10-01T08:00:00Z
workflow:adults/malik_elassal,component:default/adults,partOf,declared,true,2026-10-01,2026-10-01T08:00:00Z
workflow:adults/lucy_freyer,component:default/adults,partOf,declared,true,2026-10-01,2026-10-01T08:00:00Z
workflow:adults/jack_innanen,component:default/adults,partOf,declared,true,2026-10-01,2026-10-01T08:00:00Z
component:default/over-the-garden-wall,repository:github.com/streaming-infra/OverTheGardenWall,sourceRepository,declared,true,2026-10-01,2026-10-01T08:00:00Z
component:default/over-the-garden-wall,gcp-project:hulu,associatedProject,declared,true,2026-10-01,2026-10-01T08:00:00Z
workflow:over-the-garden-wall/wirt,component:default/over-the-garden-wall,partOf,declared,true,2026-10-01,2026-10-01T08:00:00Z
workflow:over-the-garden-wall/gregory,component:default/over-the-garden-wall,partOf,declared,true,2026-10-01,2026-10-01T08:00:00Z
workflow:over-the-garden-wall/beatrice,component:default/over-the-garden-wall,partOf,declared,true,2026-10-01,2026-10-01T08:00:00Z
workflow:over-the-garden-wall/the_beast,component:default/over-the-garden-wall,partOf,declared,true,2026-10-01,2026-10-01T08:00:00Z
component:default/dancing-with-the-stars,repository:github.com/streaming-infra/DancingWithTheStars,sourceRepository,declared,true,2026-10-01,2026-10-01T08:00:00Z
component:default/dancing-with-the-stars,gcp-project:disney-plus,associatedProject,declared,true,2026-10-01,2026-10-01T08:00:00Z
workflow:dancing-with-the-stars/carrie_ann_inaba,component:default/dancing-with-the-stars,partOf,declared,true,2026-10-01,2026-10-01T08:00:00Z
workflow:dancing-with-the-stars/bruno_tonioli,component:default/dancing-with-the-stars,partOf,declared,true,2026-10-01,2026-10-01T08:00:00Z
workflow:dancing-with-the-stars/len_goodman,component:default/dancing-with-the-stars,partOf,declared,true,2026-10-01,2026-10-01T08:00:00Z
workflow:dancing-with-the-stars/tom_bergeron,component:default/dancing-with-the-stars,partOf,declared,true,2026-10-01,2026-10-01T08:00:00Z
workflow:dancing-with-the-stars/julianne_hough,component:default/dancing-with-the-stars,partOf,declared,true,2026-10-01,2026-10-01T08:00:00Z
workflow:dancing-with-the-stars/derek_hough,component:default/dancing-with-the-stars,partOf,declared,true,2026-10-01,2026-10-01T08:00:00Z
workflow:dancing-with-the-stars/brooke_burke,component:default/dancing-with-the-stars,partOf,declared,true,2026-10-01,2026-10-01T08:00:00Z
workflow:dancing-with-the-stars/samantha_harris,component:default/dancing-with-the-stars,partOf,declared,true,2026-10-01,2026-10-01T08:00:00Z
workflow:dancing-with-the-stars/erin_andrews,component:default/dancing-with-the-stars,partOf,declared,true,2026-10-01,2026-10-01T08:00:00Z
workflow:dancing-with-the-stars/cheryl_burke,component:default/dancing-with-the-stars,partOf,declared,true,2026-10-01,2026-10-01T08:00:00Z
workflow:dancing-with-the-stars/driton_tony_dovolani,component:default/dancing-with-the-stars,partOf,declared,true,2026-10-01,2026-10-01T08:00:00Z
workflow:dancing-with-the-stars/mark_ballas,component:default/dancing-with-the-stars,partOf,declared,true,2026-10-01,2026-10-01T08:00:00Z
workflow:dancing-with-the-stars/kym_johnson,component:default/dancing-with-the-stars,partOf,declared,true,2026-10-01,2026-10-01T08:00:00Z
workflow:dancing-with-the-stars/karina_smirnoff,component:default/dancing-with-the-stars,partOf,declared,true,2026-10-01,2026-10-01T08:00:00Z
workflow:dancing-with-the-stars/edyta_liwiska,component:default/dancing-with-the-stars,partOf,declared,true,2026-10-01,2026-10-01T08:00:00Z
workflow:dancing-with-the-stars/maksim_chmerkovskiy,component:default/dancing-with-the-stars,partOf,declared,true,2026-10-01,2026-10-01T08:00:00Z
workflow:dancing-with-the-stars/alfonso_ribeiro,component:default/dancing-with-the-stars,partOf,declared,true,2026-10-01,2026-10-01T08:00:00Z
workflow:dancing-with-the-stars/louis_van_amstel,component:default/dancing-with-the-stars,partOf,declared,true,2026-10-01,2026-10-01T08:00:00Z
workflow:dancing-with-the-stars/val_chmerkovskiy,component:default/dancing-with-the-stars,partOf,declared,true,2026-10-01,2026-10-01T08:00:00Z
workflow:dancing-with-the-stars/witney_carson,component:default/dancing-with-the-stars,partOf,declared,true,2026-10-01,2026-10-01T08:00:00Z
workflow:dancing-with-the-stars/jonathan_roberts,component:default/dancing-with-the-stars,partOf,declared,true,2026-10-01,2026-10-01T08:00:00Z
workflow:dancing-with-the-stars/emma_slater,component:default/dancing-with-the-stars,partOf,declared,true,2026-10-01,2026-10-01T08:00:00Z
workflow:dancing-with-the-stars/lacey_schwimmer,component:default/dancing-with-the-stars,partOf,declared,true,2026-10-01,2026-10-01T08:00:00Z
workflow:dancing-with-the-stars/alan_bersten,component:default/dancing-with-the-stars,partOf,declared,true,2026-10-01,2026-10-01T08:00:00Z
workflow:dancing-with-the-stars/anna_trebunskaya,component:default/dancing-with-the-stars,partOf,declared,true,2026-10-01,2026-10-01T08:00:00Z
workflow:dancing-with-the-stars/shawn_johnson,component:default/dancing-with-the-stars,partOf,declared,true,2026-10-01,2026-10-01T08:00:00Z
workflow:dancing-with-the-stars/apolo_ohno,component:default/dancing-with-the-stars,partOf,declared,true,2026-10-01,2026-10-01T08:00:00Z
workflow:dancing-with-the-stars/emmitt_smith,component:default/dancing-with-the-stars,partOf,declared,true,2026-10-01,2026-10-01T08:00:00Z
workflow:dancing-with-the-stars/gleb_savchenko,component:default/dancing-with-the-stars,partOf,declared,true,2026-10-01,2026-10-01T08:00:00Z
workflow:dancing-with-the-stars/gilles_marini,component:default/dancing-with-the-stars,partOf,declared,true,2026-10-01,2026-10-01T08:00:00Z
workflow:dancing-with-the-stars/chelsie_hightower,component:default/dancing-with-the-stars,partOf,declared,true,2026-10-01,2026-10-01T08:00:00Z
workflow:dancing-with-the-stars/alec_mazo,component:default/dancing-with-the-stars,partOf,declared,true,2026-10-01,2026-10-01T08:00:00Z
workflow:dancing-with-the-stars/daniella_karagach,component:default/dancing-with-the-stars,partOf,declared,true,2026-10-01,2026-10-01T08:00:00Z
workflow:dancing-with-the-stars/kirstie_alley,component:default/dancing-with-the-stars,partOf,declared,true,2026-10-01,2026-10-01T08:00:00Z
workflow:dancing-with-the-stars/brandon_armstrong,component:default/dancing-with-the-stars,partOf,declared,true,2026-10-01,2026-10-01T08:00:00Z
workflow:dancing-with-the-stars/britt_stewart,component:default/dancing-with-the-stars,partOf,declared,true,2026-10-01,2026-10-01T08:00:00Z
workflow:dancing-with-the-stars/sasha_farber,component:default/dancing-with-the-stars,partOf,declared,true,2026-10-01,2026-10-01T08:00:00Z
workflow:dancing-with-the-stars/tyra_banks,component:default/dancing-with-the-stars,partOf,declared,true,2026-10-01,2026-10-01T08:00:00Z
workflow:dancing-with-the-stars/sharna_burgess,component:default/dancing-with-the-stars,partOf,declared,true,2026-10-01,2026-10-01T08:00:00Z
workflow:dancing-with-the-stars/drew_lachey,component:default/dancing-with-the-stars,partOf,declared,true,2026-10-01,2026-10-01T08:00:00Z
workflow:dancing-with-the-stars/jenna_johnson,component:default/dancing-with-the-stars,partOf,declared,true,2026-10-01,2026-10-01T08:00:00Z
workflow:dancing-with-the-stars/kelly_monaco,component:default/dancing-with-the-stars,partOf,declared,true,2026-10-01,2026-10-01T08:00:00Z
workflow:dancing-with-the-stars/bristol_palin,component:default/dancing-with-the-stars,partOf,declared,true,2026-10-01,2026-10-01T08:00:00Z
workflow:dancing-with-the-stars/dmitry_chaplin,component:default/dancing-with-the-stars,partOf,declared,true,2026-10-01,2026-10-01T08:00:00Z
workflow:dancing-with-the-stars/hlio_castroneves,component:default/dancing-with-the-stars,partOf,declared,true,2026-10-01,2026-10-01T08:00:00Z
workflow:dancing-with-the-stars/joey_fatone,component:default/dancing-with-the-stars,partOf,declared,true,2026-10-01,2026-10-01T08:00:00Z
workflow:dancing-with-the-stars/artem_chigvintsev,component:default/dancing-with-the-stars,partOf,declared,true,2026-10-01,2026-10-01T08:00:00Z
workflow:dancing-with-the-stars/peta_murgatroyd,component:default/dancing-with-the-stars,partOf,declared,true,2026-10-01,2026-10-01T08:00:00Z
workflow:dancing-with-the-stars/sabrina_bryan,component:default/dancing-with-the-stars,partOf,declared,true,2026-10-01,2026-10-01T08:00:00Z
workflow:dancing-with-the-stars/ezra_sosa,component:default/dancing-with-the-stars,partOf,declared,true,2026-10-01,2026-10-01T08:00:00Z
component:default/xmen-97,repository:github.com/streaming-infra/Xmen97,sourceRepository,declared,true,2026-10-01,2026-10-01T08:00:00Z
component:default/xmen-97,gcp-project:disney-plus,associatedProject,declared,true,2026-10-01,2026-10-01T08:00:00Z
workflow:xmen-97/additional_voices,component:default/xmen-97,partOf,declared,true,2026-10-01,2026-10-01T08:00:00Z
workflow:xmen-97/cyclops,component:default/xmen-97,partOf,declared,true,2026-10-01,2026-10-01T08:00:00Z
workflow:xmen-97/jean_grey,component:default/xmen-97,partOf,declared,true,2026-10-01,2026-10-01T08:00:00Z
workflow:xmen-97/news_broadcaster,component:default/xmen-97,partOf,declared,true,2026-10-01,2026-10-01T08:00:00Z
workflow:xmen-97/beast,component:default/xmen-97,partOf,declared,true,2026-10-01,2026-10-01T08:00:00Z
component:default/loki,repository:github.com/streaming-infra/Loki,sourceRepository,declared,true,2026-10-01,2026-10-01T08:00:00Z
component:default/loki,gcp-project:disney-plus,associatedProject,declared,true,2026-10-01,2026-10-01T08:00:00Z
workflow:loki/tom_hiddleston,component:default/loki,partOf,declared,true,2026-10-01,2026-10-01T08:00:00Z
workflow:loki/sophia_di_martino,component:default/loki,partOf,declared,true,2026-10-01,2026-10-01T08:00:00Z
workflow:loki/owen_wilson,component:default/loki,partOf,declared,true,2026-10-01,2026-10-01T08:00:00Z
workflow:loki/eugene_cordero,component:default/loki,partOf,declared,true,2026-10-01,2026-10-01T08:00:00Z
workflow:loki/tara_strong,component:default/loki,partOf,declared,true,2026-10-01,2026-10-01T08:00:00Z
component:default/thunderbolts,repository:github.com/streaming-infra/Thunderbolts,sourceRepository,declared,true,2026-10-01,2026-10-01T08:00:00Z
component:default/thunderbolts,gcp-project:disney-plus,associatedProject,declared,true,2026-10-01,2026-10-01T08:00:00Z
workflow:thunderbolts/florence_pugh,component:default/thunderbolts,partOf,declared,true,2026-10-01,2026-10-01T08:00:00Z
workflow:thunderbolts/sebastian_stan,component:default/thunderbolts,partOf,declared,true,2026-10-01,2026-10-01T08:00:00Z
workflow:thunderbolts/julia_louis_dreyfus,component:default/thunderbolts,partOf,declared,true,2026-10-01,2026-10-01T08:00:00Z
workflow:thunderbolts/lewis_pullman,component:default/thunderbolts,partOf,declared,true,2026-10-01,2026-10-01T08:00:00Z
workflow:thunderbolts/david_harbour,component:default/thunderbolts,partOf,declared,true,2026-10-01,2026-10-01T08:00:00Z
component:default/avengers-endgame,repository:github.com/streaming-infra/Avengers,sourceRepository,declared,true,2026-10-01,2026-10-01T08:00:00Z
component:default/avengers-endgame,gcp-project:disney-plus,associatedProject,declared,true,2026-10-01,2026-10-01T08:00:00Z
workflow:avengers-endgame/tony_stark,component:default/avengers-endgame,partOf,declared,true,2026-10-01,2026-10-01T08:00:00Z
workflow:avengers-endgame/steve_rogers,component:default/avengers-endgame,partOf,declared,true,2026-10-01,2026-10-01T08:00:00Z
workflow:avengers-endgame/bruce_banner,component:default/avengers-endgame,partOf,declared,true,2026-10-01,2026-10-01T08:00:00Z
workflow:avengers-endgame/thor,component:default/avengers-endgame,partOf,declared,true,2026-10-01,2026-10-01T08:00:00Z
workflow:avengers-endgame/natasha_romanoff,component:default/avengers-endgame,partOf,declared,true,2026-10-01,2026-10-01T08:00:00Z
component:default/avengers-infinity-wars,repository:github.com/streaming-infra/Avengers,sourceRepository,declared,true,2026-10-01,2026-10-01T08:00:00Z
component:default/avengers-infinity-wars,gcp-project:disney-plus,associatedProject,declared,true,2026-10-01,2026-10-01T08:00:00Z
workflow:avengers-infinity-wars/robert_downey_jr,component:default/avengers-infinity-wars,partOf,declared,true,2026-10-01,2026-10-01T08:00:00Z
workflow:avengers-infinity-wars/chris_hemsworth,component:default/avengers-infinity-wars,partOf,declared,true,2026-10-01,2026-10-01T08:00:00Z
workflow:avengers-infinity-wars/josh_brolin,component:default/avengers-infinity-wars,partOf,declared,true,2026-10-01,2026-10-01T08:00:00Z
workflow:avengers-infinity-wars/scarlett_johansson,component:default/avengers-infinity-wars,partOf,declared,true,2026-10-01,2026-10-01T08:00:00Z
workflow:avengers-infinity-wars/don_cheadle,component:default/avengers-infinity-wars,partOf,declared,true,2026-10-01,2026-10-01T08:00:00Z
component:default/avengers-age-of-ultron,repository:github.com/streaming-infra/Avengers,sourceRepository,declared,true,2026-10-01,2026-10-01T08:00:00Z
component:default/avengers-age-of-ultron,gcp-project:disney-plus,associatedProject,declared,true,2026-10-01,2026-10-01T08:00:00Z
workflow:avengers-age-of-ultron/kevin_feige,component:default/avengers-age-of-ultron,partOf,declared,true,2026-10-01,2026-10-01T08:00:00Z
workflow:avengers-age-of-ultron/stan_lee,component:default/avengers-age-of-ultron,partOf,declared,true,2026-10-01,2026-10-01T08:00:00Z
workflow:avengers-age-of-ultron/joss_whedon,component:default/avengers-age-of-ultron,partOf,declared,true,2026-10-01,2026-10-01T08:00:00Z
workflow:avengers-age-of-ultron/jeremy_latcham,component:default/avengers-age-of-ultron,partOf,declared,true,2026-10-01,2026-10-01T08:00:00Z
component:default/avengers,repository:github.com/streaming-infra/Avengers,sourceRepository,declared,true,2026-10-01,2026-10-01T08:00:00Z
component:default/avengers,gcp-project:disney-plus,associatedProject,declared,true,2026-10-01,2026-10-01T08:00:00Z
workflow:avengers/clint_barton,component:default/avengers,partOf,declared,true,2026-10-01,2026-10-01T08:00:00Z
workflow:avengers/loki,component:default/avengers,partOf,declared,true,2026-10-01,2026-10-01T08:00:00Z
workflow:avengers/agent_phil_coulson,component:default/avengers,partOf,declared,true,2026-10-01,2026-10-01T08:00:00Z
workflow:avengers/agent_maria_hill,component:default/avengers,partOf,declared,true,2026-10-01,2026-10-01T08:00:00Z
workflow:avengers/selvig,component:default/avengers,partOf,declared,true,2026-10-01,2026-10-01T08:00:00Z
component:default/daredevil-born-again,repository:github.com/streaming-infra/DaredevilBornAgain,sourceRepository,declared,true,2026-10-01,2026-10-01T08:00:00Z
component:default/daredevil-born-again,gcp-project:disney-plus,associatedProject,declared,true,2026-10-01,2026-10-01T08:00:00Z
workflow:daredevil-born-again/charlie_cox,component:default/daredevil-born-again,partOf,declared,true,2026-10-01,2026-10-01T08:00:00Z
workflow:daredevil-born-again/vincent_donofrio,component:default/daredevil-born-again,partOf,declared,true,2026-10-01,2026-10-01T08:00:00Z
workflow:daredevil-born-again/margarita_levieva,component:default/daredevil-born-again,partOf,declared,true,2026-10-01,2026-10-01T08:00:00Z
workflow:daredevil-born-again/michael_gandolfini,component:default/daredevil-born-again,partOf,declared,true,2026-10-01,2026-10-01T08:00:00Z
workflow:daredevil-born-again/nikki_m_james,component:default/daredevil-born-again,partOf,declared,true,2026-10-01,2026-10-01T08:00:00Z
component:default/toy-story-5,repository:github.com/streaming-infra/ToyStory5,sourceRepository,declared,true,2026-10-01,2026-10-01T08:00:00Z
component:default/toy-story-5,gcp-project:disney-plus,associatedProject,declared,true,2026-10-01,2026-10-01T08:00:00Z
workflow:toy-story-5/jessie,component:default/toy-story-5,partOf,declared,true,2026-10-01,2026-10-01T08:00:00Z
workflow:toy-story-5/woody,component:default/toy-story-5,partOf,declared,true,2026-10-01,2026-10-01T08:00:00Z
workflow:toy-story-5/buzz_lightyear,component:default/toy-story-5,partOf,declared,true,2026-10-01,2026-10-01T08:00:00Z
workflow:toy-story-5/smarty_pants,component:default/toy-story-5,partOf,declared,true,2026-10-01,2026-10-01T08:00:00Z
component:default/hocus-pocus,repository:github.com/streaming-infra/HocusPocus,sourceRepository,declared,true,2026-10-01,2026-10-01T08:00:00Z
component:default/hocus-pocus,gcp-project:disney-plus,associatedProject,declared,true,2026-10-01,2026-10-01T08:00:00Z
workflow:hocus-pocus/omri_katz,component:default/hocus-pocus,partOf,declared,true,2026-10-01,2026-10-01T08:00:00Z
workflow:hocus-pocus/thora_birch,component:default/hocus-pocus,partOf,declared,true,2026-10-01,2026-10-01T08:00:00Z
workflow:hocus-pocus/vinessa_shaw,component:default/hocus-pocus,partOf,declared,true,2026-10-01,2026-10-01T08:00:00Z
workflow:hocus-pocus/bette_midler,component:default/hocus-pocus,partOf,declared,true,2026-10-01,2026-10-01T08:00:00Z
